{
  "heatwave": {
    "agribrain_vs_mcp_only": {
      "ari": {
        "p_value": 1.0,
        "cohens_d": 0.0,
        "mean_diff": 0.016000000000000014
      },
      "waste": {
        "p_value": 1.0,
        "cohens_d": 0.0,
        "mean_diff": -0.0019999999999999983
      },
      "rle": {
        "p_value": 1.0,
        "cohens_d": 0.0,
        "mean_diff": 0.0
      },
      "slca": {
        "p_value": 1.0,
        "cohens_d": 0.0,
        "mean_diff": 0.015000000000000013
      }
    },
    "agribrain_vs_pirag_only": {
      "ari": {
        "p_value": 1.0,
        "cohens_d": 0.0,
        "mean_diff": 0.0050000000000000044
      },
      "waste": {
        "p_value": 1.0,
        "cohens_d": 0.0,
        "mean_diff": -0.004
      },
      "rle": {
        "p_value": 1.0,
        "cohens_d": 0.0,
        "mean_diff": 0.0
      },
      "slca": {
        "p_value": 1.0,
        "cohens_d": 0.0,
        "mean_diff": 0.0030000000000000027
      }
    },
    "agribrain_vs_no_context": {
      "ari": {
        "p_value": 1.0,
        "cohens_d": 0.0,
        "mean_diff": 0.02300000000000002
      },
      "waste": {
        "p_value": 1.0,
        "cohens_d": 0.0,
        "mean_diff": -0.006999999999999999
      },
      "rle": {
        "p_value": 1.0,
        "cohens_d": 0.0,
        "mean_diff": 0.0
      },
      "slca": {
        "p_value": 1.0,
        "cohens_d": 0.0,
        "mean_diff": 0.020000000000000018
      }
    }
  },
  "overproduction": {
    "agribrain_vs_mcp_only": {
      "ari": {
        "p_value": 1.0,
        "cohens_d": 0.0,
        "mean_diff": 0.014000000000000012
      },
      "waste": {
        "p_value": 1.0,
        "cohens_d": 0.0,
        "mean_diff": -0.001999999999999995
      },
      "rle": {
        "p_value": 1.0,
        "cohens_d": 0.0,
        "mean_diff": 0.03600000000000003
      },
      "slca": {
        "p_value": 1.0,
        "cohens_d": 0.0,
        "mean_diff": 0.014000000000000012
      }
    },
    "agribrain_vs_pirag_only": {
      "ari": {
        "p_value": 1.0,
        "cohens_d": 0.0,
        "mean_diff": 0.01100000000000001
      },
      "waste": {
        "p_value": 1.0,
        "cohens_d": 0.0,
        "mean_diff": -0.005999999999999998
      },
      "rle": {
        "p_value": 1.0,
        "cohens_d": 0.0,
        "mean_diff": 0.014000000000000012
      },
      "slca": {
        "p_value": 1.0,
        "cohens_d": 0.0,
        "mean_diff": 0.009000000000000008
      }
    },
    "agribrain_vs_no_context": {
      "ari": {
        "p_value": 1.0,
        "cohens_d": 0.0,
        "mean_diff": 0.03200000000000003
      },
      "waste": {
        "p_value": 1.0,
        "cohens_d": 0.0,
        "mean_diff": -0.009999999999999995
      },
      "rle": {
        "p_value": 1.0,
        "cohens_d": 0.0,
        "mean_diff": 0.05899999999999994
      },
      "slca": {
        "p_value": 1.0,
        "cohens_d": 0.0,
        "mean_diff": 0.030000000000000027
      }
    }
  },
  "cyber_outage": {
    "agribrain_vs_mcp_only": {
      "ari": {
        "p_value": 1.0,
        "cohens_d": 0.0,
        "mean_diff": 0.007000000000000006
      },
      "waste": {
        "p_value": 1.0,
        "cohens_d": 0.0,
        "mean_diff": -0.0010000000000000009
      },
      "rle": {
        "p_value": 1.0,
        "cohens_d": 0.0,
        "mean_diff": 0.0
      },
      "slca": {
        "p_value": 1.0,
        "cohens_d": 0.0,
        "mean_diff": 0.007000000000000006
      }
    },
    "agribrain_vs_pirag_only": {
      "ari": {
        "p_value": 1.0,
        "cohens_d": 0.0,
        "mean_diff": 0.0020000000000000018
      },
      "waste": {
        "p_value": 1.0,
        "cohens_d": 0.0,
        "mean_diff": -0.0020000000000000018
      },
      "rle": {
        "p_value": 1.0,
        "cohens_d": 0.0,
        "mean_diff": 0.0
      },
      "slca": {
        "p_value": 1.0,
        "cohens_d": 0.0,
        "mean_diff": 0.0010000000000000009
      }
    },
    "agribrain_vs_no_context": {
      "ari": {
        "p_value": 1.0,
        "cohens_d": 0.0,
        "mean_diff": 0.008000000000000007
      },
      "waste": {
        "p_value": 1.0,
        "cohens_d": 0.0,
        "mean_diff": -0.0029999999999999957
      },
      "rle": {
        "p_value": 1.0,
        "cohens_d": 0.0,
        "mean_diff": 0.0
      },
      "slca": {
        "p_value": 1.0,
        "cohens_d": 0.0,
        "mean_diff": 0.007000000000000006
      }
    }
  },
  "adaptive_pricing": {
    "agribrain_vs_mcp_only": {
      "ari": {
        "p_value": 1.0,
        "cohens_d": 0.0,
        "mean_diff": 0.01100000000000001
      },
      "waste": {
        "p_value": 1.0,
        "cohens_d": 0.0,
        "mean_diff": -0.0020000000000000018
      },
      "rle": {
        "p_value": 1.0,
        "cohens_d": 0.0,
        "mean_diff": 0.026000000000000023
      },
      "slca": {
        "p_value": 1.0,
        "cohens_d": 0.0,
        "mean_diff": 0.010000000000000009
      }
    },
    "agribrain_vs_pirag_only": {
      "ari": {
        "p_value": 1.0,
        "cohens_d": 0.0,
        "mean_diff": 0.010000000000000009
      },
      "waste": {
        "p_value": 1.0,
        "cohens_d": 0.0,
        "mean_diff": -0.002999999999999999
      },
      "rle": {
        "p_value": 1.0,
        "cohens_d": 0.0,
        "mean_diff": 0.0
      },
      "slca": {
        "p_value": 1.0,
        "cohens_d": 0.0,
        "mean_diff": 0.008000000000000007
      }
    },
    "agribrain_vs_no_context": {
      "ari": {
        "p_value": 1.0,
        "cohens_d": 0.0,
        "mean_diff": 0.03300000000000003
      },
      "waste": {
        "p_value": 1.0,
        "cohens_d": 0.0,
        "mean_diff": -0.006000000000000002
      },
      "rle": {
        "p_value": 1.0,
        "cohens_d": 0.0,
        "mean_diff": 0.026000000000000023
      },
      "slca": {
        "p_value": 1.0,
        "cohens_d": 0.0,
        "mean_diff": 0.030000000000000027
      }
    }
  },
  "baseline": {
    "agribrain_vs_mcp_only": {
      "ari": {
        "p_value": 1.0,
        "cohens_d": 0.0,
        "mean_diff": 0.02300000000000002
      },
      "waste": {
        "p_value": 1.0,
        "cohens_d": 0.0,
        "mean_diff": -0.0030000000000000027
      },
      "rle": {
        "p_value": 1.0,
        "cohens_d": 0.0,
        "mean_diff": 0.07999999999999996
      },
      "slca": {
        "p_value": 1.0,
        "cohens_d": 0.0,
        "mean_diff": 0.02299999999999991
      }
    },
    "agribrain_vs_pirag_only": {
      "ari": {
        "p_value": 1.0,
        "cohens_d": 0.0,
        "mean_diff": 0.0040000000000000036
      },
      "waste": {
        "p_value": 1.0,
        "cohens_d": 0.0,
        "mean_diff": -0.0010000000000000009
      },
      "rle": {
        "p_value": 1.0,
        "cohens_d": 0.0,
        "mean_diff": 0.0
      },
      "slca": {
        "p_value": 1.0,
        "cohens_d": 0.0,
        "mean_diff": 0.0040000000000000036
      }
    },
    "agribrain_vs_no_context": {
      "ari": {
        "p_value": 1.0,
        "cohens_d": 0.0,
        "mean_diff": 0.028000000000000025
      },
      "waste": {
        "p_value": 1.0,
        "cohens_d": 0.0,
        "mean_diff": -0.004
      },
      "rle": {
        "p_value": 1.0,
        "cohens_d": 0.0,
        "mean_diff": 0.07999999999999996
      },
      "slca": {
        "p_value": 1.0,
        "cohens_d": 0.0,
        "mean_diff": 0.027999999999999914
      }
    }
  }
}