{
  "heatwave": {
    "agribrain_vs_mcp_only": {
      "ari": {
        "p_value": 0.05923519120219945,
        "cohens_d": 1.4391766196600793,
        "mean_diff": 0.011007435439694624
      },
      "waste": {
        "p_value": 0.22019495126218444,
        "cohens_d": -0.851969650818974,
        "mean_diff": -0.0018626546489868175
      },
      "rle": {
        "p_value": 0.6968257935516121,
        "cohens_d": 0.35061013497542276,
        "mean_diff": 0.003734567901234609
      },
      "slca": {
        "p_value": 0.035741064733816545,
        "cohens_d": 1.6739771080468309,
        "mean_diff": 0.010649436003546509
      }
    },
    "agribrain_vs_pirag_only": {
      "ari": {
        "p_value": 0.10072481879530118,
        "cohens_d": 1.1941821228208598,
        "mean_diff": 0.007822907038359084
      },
      "waste": {
        "p_value": 0.010997250687328168,
        "cohens_d": -2.0848960452999674,
        "mean_diff": -0.004164556957093047
      },
      "rle": {
        "p_value": 0.2934266433391652,
        "cohens_d": 0.7559708275531064,
        "mean_diff": 0.006250781372089564
      },
      "slca": {
        "p_value": 0.1327168207948013,
        "cohens_d": 1.083990339745428,
        "mean_diff": 0.005758141160629893
      }
    },
    "agribrain_vs_no_context": {
      "ari": {
        "p_value": 0.009247688077980504,
        "cohens_d": 2.6763220010002233,
        "mean_diff": 0.02068710383143868
      },
      "waste": {
        "p_value": 0.006248437890527368,
        "cohens_d": -2.748020752344332,
        "mean_diff": -0.006291965461021263
      },
      "rle": {
        "p_value": 0.11447138215446138,
        "cohens_d": 1.2076180002077843,
        "mean_diff": 0.012516405128159769
      },
      "slca": {
        "p_value": 0.006498375406148463,
        "cohens_d": 2.898152216875727,
        "mean_diff": 0.018619787469322135
      }
    },
    "agribrain_vs_hybrid_rl": {
      "ari": {
        "p_value": 0.009247688077980504,
        "cohens_d": 13.3474804640404,
        "mean_diff": 0.06519325362623773
      },
      "waste": {
        "p_value": 0.005248687828042989,
        "cohens_d": -5.4970167288150185,
        "mean_diff": -0.0202278162857866
      },
      "rle": {
        "p_value": 0.0069982504373906525,
        "cohens_d": 3.1732256829544916,
        "mean_diff": 0.056759326332258775
      },
      "slca": {
        "p_value": 0.0049987503124218945,
        "cohens_d": 17.768663264043326,
        "mean_diff": 0.06126408054469612
      }
    },
    "agribrain_vs_static": {
      "ari": {
        "p_value": 0.005998500374906273,
        "cohens_d": 57.821583245999655,
        "mean_diff": 0.27288914906294953
      },
      "waste": {
        "p_value": 0.00899775056235941,
        "cohens_d": -12.025982713895566,
        "mean_diff": -0.08852210319153445
      },
      "rle": {
        "p_value": 0.009247688077980504,
        "cohens_d": 183.5885973873236,
        "mean_diff": 0.9937183544303798
      },
      "slca": {
        "p_value": 0.004498875281179705,
        "cohens_d": 107.39047437954964,
        "mean_diff": 0.30044195972706045
      }
    }
  },
  "overproduction": {
    "agribrain_vs_mcp_only": {
      "ari": {
        "p_value": 0.009247688077980504,
        "cohens_d": 2.6648774391500942,
        "mean_diff": 0.014436388306023784
      },
      "waste": {
        "p_value": 0.14496375906023495,
        "cohens_d": -1.0703495827269658,
        "mean_diff": -0.002575024591583576
      },
      "rle": {
        "p_value": 0.02999250187453137,
        "cohens_d": 1.8444715705311117,
        "mean_diff": 0.016283483928771325
      },
      "slca": {
        "p_value": 0.006748312921769558,
        "cohens_d": 2.808551612777039,
        "mean_diff": 0.014359982725561271
      }
    },
    "agribrain_vs_pirag_only": {
      "ari": {
        "p_value": 0.009247688077980504,
        "cohens_d": 2.701357758280232,
        "mean_diff": 0.016321286429187176
      },
      "waste": {
        "p_value": 0.009247688077980504,
        "cohens_d": -2.416889019722484,
        "mean_diff": -0.006053555317588187
      },
      "rle": {
        "p_value": 0.03874031492126968,
        "cohens_d": 1.4849401684344017,
        "mean_diff": 0.01911312172332358
      },
      "slca": {
        "p_value": 0.0069982504373906525,
        "cohens_d": 2.534805065115906,
        "mean_diff": 0.014381220642920356
      }
    },
    "agribrain_vs_no_context": {
      "ari": {
        "p_value": 0.009247688077980504,
        "cohens_d": 5.116975812726851,
        "mean_diff": 0.030330545808073817
      },
      "waste": {
        "p_value": 0.009247688077980504,
        "cohens_d": -3.33343760002907,
        "mean_diff": -0.008318271161252534
      },
      "rle": {
        "p_value": 0.009247688077980504,
        "cohens_d": 3.9858880726162904,
        "mean_diff": 0.03403306903041181
      },
      "slca": {
        "p_value": 0.006498375406148463,
        "cohens_d": 5.035532114556657,
        "mean_diff": 0.028424305372215852
      }
    },
    "agribrain_vs_hybrid_rl": {
      "ari": {
        "p_value": 0.009247688077980504,
        "cohens_d": 13.899841433409618,
        "mean_diff": 0.08162224649123895
      },
      "waste": {
        "p_value": 0.009247688077980504,
        "cohens_d": -6.1539121050698125,
        "mean_diff": -0.02807359043003399
      },
      "rle": {
        "p_value": 0.00899775056235941,
        "cohens_d": 7.78651608559863,
        "mean_diff": 0.12495488087810447
      },
      "slca": {
        "p_value": 0.005498625343664084,
        "cohens_d": 12.537376766893034,
        "mean_diff": 0.07387793529021747
      }
    },
    "agribrain_vs_static": {
      "ari": {
        "p_value": 0.008747813046738315,
        "cohens_d": 81.87639918278258,
        "mean_diff": 0.2867285671489092
      },
      "waste": {
        "p_value": 0.0034991252186953262,
        "cohens_d": -23.377161286854847,
        "mean_diff": -0.09251764276105853
      },
      "rle": {
        "p_value": 0.009247688077980504,
        "cohens_d": 232.42685832128913,
        "mean_diff": 0.9837482553856596
      },
      "slca": {
        "p_value": 0.006748312921769558,
        "cohens_d": 92.50992050300803,
        "mean_diff": 0.2875857948359014
      }
    }
  },
  "cyber_outage": {
    "agribrain_vs_mcp_only": {
      "ari": {
        "p_value": 0.11472131967008248,
        "cohens_d": 1.0971152956513202,
        "mean_diff": 0.01030894197399801
      },
      "waste": {
        "p_value": 0.4461384653836541,
        "cohens_d": -0.4838758922989569,
        "mean_diff": -0.0013790749230656527
      },
      "rle": {
        "p_value": 1.0,
        "cohens_d": 0.0,
        "mean_diff": 0.0
      },
      "slca": {
        "p_value": 0.10747313171707074,
        "cohens_d": 1.1042843079767273,
        "mean_diff": 0.009773154247668892
      }
    },
    "agribrain_vs_pirag_only": {
      "ari": {
        "p_value": 0.3821544613846538,
        "cohens_d": 0.6037296355146771,
        "mean_diff": 0.005471500043369604
      },
      "waste": {
        "p_value": 0.2554361409647588,
        "cohens_d": -0.8254725420377974,
        "mean_diff": -0.002310177150781592
      },
      "rle": {
        "p_value": 1.0,
        "cohens_d": 0.0,
        "mean_diff": 0.0
      },
      "slca": {
        "p_value": 0.5053736565858535,
        "cohens_d": 0.4339676276802532,
        "mean_diff": 0.003742624213543322
      }
    },
    "agribrain_vs_no_context": {
      "ari": {
        "p_value": 0.030242439390152462,
        "cohens_d": 1.7979399943052812,
        "mean_diff": 0.015465014016617928
      },
      "waste": {
        "p_value": 0.0664833791552112,
        "cohens_d": -1.247741335141366,
        "mean_diff": -0.0036432810578770555
      },
      "rle": {
        "p_value": 1.0,
        "cohens_d": 0.0,
        "mean_diff": 0.0
      },
      "slca": {
        "p_value": 0.027243189202699324,
        "cohens_d": 1.6371963602779167,