{
  "heatwave": {
    "agribrain_vs_mcp_only": {
      "ari": {
        "p_value": 0.009247688077980504,
        "cohens_d": 2.6031460833920335,
        "mean_diff": 0.011680370157969633
      },
      "waste": {
        "p_value": 0.009247688077980504,
        "cohens_d": -2.5297459379959024,
        "mean_diff": -0.0017105496744157268
      },
      "rle": {
        "p_value": 0.7573106723319171,
        "cohens_d": 0.2696799449852982,
        "mean_diff": 0.0025316455696202667
      },
      "slca": {
        "p_value": 0.009247688077980504,
        "cohens_d": 2.4884437630828695,
        "mean_diff": 0.011465339119423046
      },
      "carbon": {
        "p_value": 0.005498625343664084,
        "cohens_d": -2.5910712354714063,
        "mean_diff": -93.13724574831622
      },
      "equity": {
        "p_value": 0.007498125468632842,
        "cohens_d": 2.6455838631852036,
        "mean_diff": 0.006109562867102514
      }
    },
    "agribrain_vs_pirag_only": {
      "ari": {
        "p_value": 0.0667333166708323,
        "cohens_d": 1.4709137627844227,
        "mean_diff": 0.004628309267213915
      },
      "waste": {
        "p_value": 0.005248687828042989,
        "cohens_d": -6.4162464205387675,
        "mean_diff": -0.0033926502673661124
      },
      "rle": {
        "p_value": 0.5176205948512872,
        "cohens_d": 0.5656854249492412,
        "mean_diff": 0.005063291139240533
      },
      "slca": {
        "p_value": 0.1422144463884029,
        "cohens_d": 1.031892736863103,
        "mean_diff": 0.0032130893677494443
      },
      "carbon": {
        "p_value": 0.09122719320169957,
        "cohens_d": -1.241919921939391,
        "mean_diff": -34.711787154982176
      },
      "equity": {
        "p_value": 0.020994751312171957,
        "cohens_d": 2.1027969446080834,
        "mean_diff": 0.004320686026417442
      }
    },
    "agribrain_vs_no_context": {
      "ari": {
        "p_value": 0.009247688077980504,
        "cohens_d": 3.344778616534098,
        "mean_diff": 0.01671306733094513
      },
      "waste": {
        "p_value": 0.0049987503124218945,
        "cohens_d": -7.031110771882044,
        "mean_diff": -0.005249132068718142
      },
      "rle": {
        "p_value": 0.07298175456135966,
        "cohens_d": 1.469693845669915,
        "mean_diff": 0.0113924050632912
      },
      "slca": {
        "p_value": 0.009247688077980504,
        "cohens_d": 3.0236068796016133,
        "mean_diff": 0.015350507224157428
      },
      "carbon": {
        "p_value": 0.004498875281179705,
        "cohens_d": -3.1665386942388243,
        "mean_diff": -135.4175219078411
      },
      "equity": {
        "p_value": 0.009247688077980504,
        "cohens_d": 5.947752620784079,
        "mean_diff": 0.011211325748819667
      }
    }
  },
  "overproduction": {
    "agribrain_vs_mcp_only": {
      "ari": {
        "p_value": 0.016245938515371157,
        "cohens_d": 2.243450347339143,
        "mean_diff": 0.012364619900132046
      },
      "waste": {
        "p_value": 0.02174456385903524,
        "cohens_d": -2.0321645504327464,
        "mean_diff": -0.0022807836559696412
      },
      "rle": {
        "p_value": 0.018245438640339916,
        "cohens_d": 2.0976176963403046,
        "mean_diff": 0.016176470588235348
      },
      "slca": {
        "p_value": 0.016745813546613347,
        "cohens_d": 2.2223536549838347,
        "mean_diff": 0.012354139523202412
      },
      "carbon": {
        "p_value": 0.018245438640339916,
        "cohens_d": -2.1762064158816115,
        "mean_diff": -105.89249949753207
      },
      "equity": {
        "p_value": 0.06898275431142215,
        "cohens_d": 1.4222628120525873,
        "mean_diff": 0.0072276971159909165
      }
    },
    "agribrain_vs_pirag_only": {
      "ari": {
        "p_value": 0.008747813046738315,
        "cohens_d": 2.337910475851448,
        "mean_diff": 0.01296021295039207
      },
      "waste": {
        "p_value": 0.0029992501874531365,
        "cohens_d": -4.972531764793397,
        "mean_diff": -0.0056121604210553
      },
      "rle": {
        "p_value": 0.059485128717820544,
        "cohens_d": 1.609968943799858,
        "mean_diff": 0.013235294117647123
      },
      "slca": {
        "p_value": 0.015996000999750064,
        "cohens_d": 1.9883302854960616,
        "mean_diff": 0.010991231635598009
      },
      "carbon": {
        "p_value": 0.0022494376405898524,
        "cohens_d": -2.1804806584296244,
        "mean_diff": -109.36401892597473
      },
      "equity": {
        "p_value": 0.004498875281179705,
        "cohens_d": 2.9209586310679176,
        "mean_diff": 0.014683448099723884
      }
    },
    "agribrain_vs_no_context": {
      "ari": {
        "p_value": 0.009247688077980504,
        "cohens_d": 5.4740734850171275,
        "mean_diff": 0.028196956236589577
      },
      "waste": {
        "p_value": 0.0032491877030742314,
        "cohens_d": -8.029662202979988,
        "mean_diff": -0.00842854856071825
      },
      "rle": {
        "p_value": 0.005748562859285179,
        "cohens_d": 4.564354645876401,
        "mean_diff": 0.03676470588235303
      },
      "slca": {
        "p_value": 0.009247688077980504,
        "cohens_d": 4.960095366957099,
        "mean_diff": 0.026330290484435248
      },
      "carbon": {
        "p_value": 0.003749062734316421,
        "cohens_d": -4.984957561511285,
        "mean_diff": -243.3934838814896
      },
      "equity": {
        "p_value": 0.004498875281179705,
        "cohens_d": 5.210187041832454,
        "mean_diff": 0.022407418586550265
      }
    }
  },
  "cyber_outage": {
    "agribrain_vs_mcp_only": {
      "ari": {
        "p_value": 0.09272681829542614,
        "cohens_d": 1.1929206757534931,
        "mean_diff": 0.010327489833962589
      },
      "waste": {
        "p_value": 0.1707073231692077,
        "cohens_d": -0.949008056076097,
        "mean_diff": -0.001272693678336212
      },
      "rle": {
        "p_value": 1.0,
        "cohens_d": 0.0,
        "mean_diff": 0.0
      },
      "slca": {
        "p_value": 0.08897775556110972,
        "cohens_d": 1.1834047107861592,
        "mean_diff": 0.009824173021648952
      },
      "carbon": {
        "p_value": 0.09997500624843789,
        "cohens_d": -1.156362759233681,
        "mean_diff": -74.26531200000045
      },
      "equity": {
        "p_value": 0.26393401649587606,
        "cohens_d": 0.7435337551078016,
        "mean_diff": 0.0025702186472353894
      }
    },
    "agribrain_vs_pirag_only": {
      "ari": {
        "p_value": 0.7198200449887528,
        "cohens_d": 0.22528216441363633,
        "mean_diff": 0.0022202057693757604
      },
      "waste": {
        "p_value": 0.09747563109222694,
        "cohens_d": -1.1498790757870299,
        "mean_diff": -0.0015437081898112132
      },
      "rle": {
        "p_value": 1.0,
        "cohens_d": 0.0,
        "mean_diff": 0.0
      },
      "slca": {
        "p_value": 0.8150462384403899,
        "cohens_d": 0.10229669727566444,
        "mean_diff": 0.0009688738440741806
      },
      "carbon": {
        "p_value": 0.8440389902524369,
        "cohens_d": -0.10669235647135204,
        "mean_diff": -7.605000000000018
      },
      "equity": {
        "p_value": 0.8022994251437141,
        "cohens_d": 0.1309515594501744,
        "mean_diff": 0.00047105226780708165
      }
    },
    "agribrain_vs_no_context": {
      "ari": {
        "p_value": 0.04548862784303924,
        "cohens_d": 1.5823801192427072,
        "mean_diff": 0.013034811344591613
      },
      "waste": {
        "p_value": 0.020494876280929768,
        "cohens_d": -2.3016700022927004,
        "mean_diff": -0.002857136270621341
      },
      "rle": {
        "p_value": 1.0,
        "cohens_d": 0.0,
        "mean_diff": 0.0
      },
      "slca": {
        "p_value": 0.06698325418645339,
        "cohens_d": 1.4236926923509914,
        "mean_diff": 0.011279641489767123
      },