{
  "heatwave": {
    "distributor": [
      1.0,
      0.0,
      0.6651709385177584,
      1.0,
      0.0
    ],
    "farm": [
      0.12,
      0.002,
      0.8213575000000002,
      1.0,
      0.0
    ],
    "processor": [
      0.3333333333333333,
      0.0,
      0.7110121516028718,
      0.3333333333333333,
      0.0
    ],
    "recovery": [
      0.0,
      0.0,
      0.7147956603572004,
      0.3333333333333333,
      0.0
    ]
  },
  "overproduction": {
    "distributor": [
      1.0,
      0.0,
      0.6870635956089172,
      0.0,
      0.0
    ],
    "farm": [
      0.12,
      0.002,
      0.8213677434863287,
      1.0,
      0.0
    ],
    "processor": [
      1.0,
      0.0,
      0.65,
      0.0,
      0.0
    ],
    "recovery": [
      0.0,
      0.0,
      0.8117655711610833,
      1.0,
      0.0
    ]
  },
  "cyber_outage": {
    "distributor": [
      1.0,
      0.0,
      0.6774083255720162,
      0.0,
      0.0
    ],
    "farm": [
      0.12,
      0.002,
      0.8213575000000002,
      1.0,
      0.0
    ],
    "processor": [
      0.3333333333333333,
      0.0,
      0.65,
      0.0,
      0.0
    ],
    "recovery": [
      0.0,
      0.0,
      0.7231266634033154,
      0.0,
      0.0
    ]
  },
  "adaptive_pricing": {
    "distributor": [
      0.3333333333333333,
      0.0,
      0.7199689028434233,
      0.0,
      0.0
    ],
    "farm": [
      0.54,
      0.013999999999999999,
      0.8198354122815898,
      1.0,
      0.0
    ],
    "processor": [
      0.3333333333333333,
      0.0,
      0.65,
      0.0,
      0.0
    ],
    "recovery": [
      0.0,
      0.0,
      0.7428759414991255,
      0.0,
      0.0
    ]
  },
  "baseline": {
    "distributor": [
      0.0,
      0.0,
      0.7730625,
      0.0,
      0.0
    ],
    "farm": [
      0.12,
      0.002,
      0.8213575000000002,
      1.0,
      0.0
    ],
    "processor": [
      0.0,
      0.0,
      0.7937708333333333,
      0.0,
      0.0
    ],
    "recovery": [
      0.0,
      0.0,
      0.8234166666666667,
      1.0,
      0.0
    ]
  }
}