{
  "heatwave": {
    "distributor": [
      1.0,
      0.0,
      0.6863879114328237,
      1.0,
      0.0
    ],
    "farm": [
      0.34,
      0.004,
      0.8191114901895277,
      1.0,
      0.0
    ],
    "processor": [
      0.6666666666666666,
      0.0,
      0.6494369517368185,
      0.0,
      0.0
    ],
    "recovery": [
      0.0,
      0.0,
      0.7311960271784619,
      0.6666666666666666,
      0.20000000000000004
    ]
  },
  "overproduction": {
    "distributor": [
      1.0,
      0.0,
      0.6855596938308995,
      0.0,
      0.0
    ],
    "farm": [
      0.34,
      0.008,
      0.8197854931739768,
      1.0,
      0.0
    ],
    "processor": [
      1.0,
      0.0,
      0.585,
      0.0,
      0.20000000000000004
    ],
    "recovery": [
      0.0,
      0.0,
      0.8159713233977414,
      1.0,
      0.20000000000000004
    ]
  },
  "cyber_outage": {
    "distributor": [
      1.0,
      0.0,
      0.6538032673687936,
      0.0,
      0.0
    ],
    "farm": [
      0.33,
      0.002,
      0.819614856825462,
      1.0,
      0.0
    ],
    "processor": [
      0.6666666666666666,
      0.0,
      0.6283333333333333,
      0.0,
      0.0
    ],
    "recovery": [
      0.0,
      0.0,
      0.7294897458113302,
      0.0,
      0.20000000000000004
    ]
  },
  "adaptive_pricing": {
    "distributor": [
      0.6666666666666666,
      0.0,
      0.6933647149830794,
      0.0,
      0.0
    ],
    "farm": [
      0.48,
      0.018,
      0.819440664454915,
      1.0,
      0.0
    ],
    "processor": [
      0.3333333333333333,
      0.0,
      0.585,
      0.0,
      0.0
    ],
    "recovery": [
      0.0,
      0.0,
      0.738479906308522,
      0.0,
      0.20000000000000004
    ]
  },
  "baseline": {
    "distributor": [
      0.3333333333333333,
      0.0,
      0.7709244275921137,
      0.0,
      0.0
    ],
    "farm": [
      0.32,
      0.008,
      0.8192751454003381,
      1.0,
      0.0
    ],
    "processor": [
      0.16666666666666666,
      0.0,
      0.7630260507462814,
      0.0,
      0.0
    ],
    "recovery": [
      0.0,
      0.0,
      0.8178296201472409,
      1.0,
      0.20000000000000004
    ]
  }
}