{
  "heatwave": {
    "distributor": [
      1.0,
      0.0,
      0.7390788205752871,
      1.0,
      0.0
    ],
    "farm": [
      0.12,
      0.002,
      0.8213575000000002,
      1.0,
      0.0
    ],
    "processor": [
      0.3333333333333333,
      0.0,
      0.735446372151339,
      0.3333333333333333,
      0.0
    ],
    "recovery": [
      0.0,
      0.0,
      0.7658206359905076,
      0.0,
      0.20000000000000004
    ]
  },
  "overproduction": {
    "distributor": [
      1.0,
      0.0,
      0.7108273399185979,
      0.0,
      0.0
    ],
    "farm": [
      0.12,
      0.002,
      0.8213677434863287,
      1.0,
      0.0
    ],
    "processor": [
      1.0,
      0.0,
      0.65,
      0.0,
      0.20000000000000004
    ],
    "recovery": [
      0.0,
      0.0,
      0.8117655711610833,
      1.0,
      0.20000000000000004
    ]
  },
  "cyber_outage": {
    "distributor": [
      1.0,
      0.0,
      0.7009431546413691,
      0.0,
      0.0
    ],
    "farm": [
      0.12,
      0.002,
      0.8213575000000002,
      1.0,
      0.0
    ],
    "processor": [
      0.3333333333333333,
      0.0,
      0.65,
      0.0,
      0.0
    ],
    "recovery": [
      0.0,
      0.0,
      0.774863545943942,
      0.0,
      0.20000000000000004
    ]
  },
  "adaptive_pricing": {
    "distributor": [
      0.3333333333333333,
      0.0,
      0.7450151699349998,
      0.0,
      0.0
    ],
    "farm": [
      0.54,
      0.013999999999999999,
      0.8198354122815898,
      1.0,
      0.0
    ],
    "processor": [
      0.3333333333333333,
      0.0,
      0.65,
      0.0,
      0.0
    ],
    "recovery": [
      0.0,
      0.0,
      0.7959649117733724,
      0.0,
      0.20000000000000004
    ]
  },
  "baseline": {
    "distributor": [
      0.0,
      0.0,
      0.7730625,
      0.0,
      0.0
    ],
    "farm": [
      0.12,
      0.002,
      0.8213575000000002,
      1.0,
      0.0
    ],
    "processor": [
      0.0,
      0.0,
      0.7937708333333333,
      0.0,
      0.0
    ],
    "recovery": [
      0.0,
      0.0,
      0.8234166666666667,
      1.0,
      0.20000000000000004
    ]
  }
}