{
  "heatwave": {
    "distributor": [
      1.0,
      0.3,
      1.0,
      1.0,
      0.0
    ],
    "farm": [
      0.41346153846153844,
      0.01346153846153846,
      1.0,
      1.0,
      0.0
    ],
    "processor": [
      0.6666666666666666,
      0.03333333333333333,
      1.0,
      0.3333333333333333,
      0.0
    ],
    "recovery": [
      0.0,
      0.0,
      1.0,
      0.6666666666666666,
      0.0
    ]
  },
  "overproduction": {
    "distributor": [
      1.0,
      0.20000000000000004,
      1.0,
      0.6666666666666666,
      0.0
    ],
    "farm": [
      0.45098039215686275,
      0.011764705882352941,
      1.0,
      1.0,
      0.0
    ],
    "processor": [
      1.0,
      0.1,
      1.0,
      0.5,
      0.2
    ],
    "recovery": [
      0.0,
      0.0,
      1.0,
      1.0,
      0.20000000000000004
    ]
  },
  "cyber_outage": {
    "distributor": [
      1.0,
      0.10000000000000002,
      1.0,
      1.0,
      0.0
    ],
    "farm": [
      0.43,
      0.01,
      1.0,
      1.0,
      0.0
    ],
    "processor": [
      0.3333333333333333,
      0.03333333333333333,
      1.0,
      0.0,
      0.0
    ],
    "recovery": [
      0.0,
      0.0,
      1.0,
      0.6666666666666666,
      0.0
    ]
  },
  "adaptive_pricing": {
    "distributor": [
      0.5,
      0.0,
      1.0,
      0.0,
      0.0
    ],
    "farm": [
      0.54,
      0.018,
      1.0,
      1.0,
      0.0
    ],
    "processor": [
      0.16666666666666666,
      0.0,
      1.0,
      0.0,
      0.0
    ],
    "recovery": [
      0.0,
      0.0,
      1.0,
      0.0,
      0.20000000000000004
    ]
  },
  "baseline": {
    "distributor": [
      0.3333333333333333,
      0.0,
      1.0,
      0.0,
      0.0
    ],
    "farm": [
      0.47,
      0.016,
      1.0,
      1.0,
      0.0
    ],
    "processor": [
      0.6666666666666666,
      0.03333333333333333,
      1.0,
      0.0,
      0.0
    ],
    "recovery": [
      0.0,
      0.0,
      1.0,
      1.0,
      0.0
    ]
  }
}