{
  "heatwave": {
    "distributor": [
      1.0,
      0.3,
      1.0,
      1.0,
      0.0
    ],
    "farm": [
      0.4230769230769231,
      0.01346153846153846,
      1.0,
      1.0,
      0.0
    ],
    "processor": [
      0.6666666666666666,
      0.03333333333333333,
      1.0,
      0.3333333333333333,
      0.0
    ],
    "recovery": [
      0.0,
      0.0,
      1.0,
      0.6666666666666666,
      0.20000000000000004
    ]
  },
  "overproduction": {
    "distributor": [
      1.0,
      0.15,
      1.0,
      0.8333333333333334,
      0.0
    ],
    "farm": [
      0.45,
      0.012,
      1.0,
      1.0,
      0.0
    ],
    "processor": [
      1.0,
      0.10000000000000002,
      1.0,
      0.6666666666666666,
      0.20000000000000004
    ],
    "recovery": [
      0.0,
      0.0,
      1.0,
      1.0,
      0.2
    ]
  },
  "cyber_outage": {
    "distributor": [
      1.0,
      0.10000000000000002,
      1.0,
      1.0,
      0.0
    ],
    "farm": [
      0.43,
      0.01,
      1.0,
      1.0,
      0.0
    ],
    "processor": [
      0.3333333333333333,
      0.03333333333333333,
      1.0,
      0.0,
      0.0
    ],
    "recovery": [
      0.0,
      0.0,
      1.0,
      0.6666666666666666,
      0.0
    ]
  },
  "adaptive_pricing": {
    "distributor": [
      0.5,
      0.0,
      1.0,
      0.0,
      0.0
    ],
    "farm": [
      0.54,
      0.018,
      1.0,
      1.0,
      0.0
    ],
    "processor": [
      0.16666666666666666,
      0.0,
      1.0,
      0.0,
      0.0
    ],
    "recovery": [
      0.0,
      0.0,
      1.0,
      0.0,
      0.20000000000000004
    ]
  },
  "baseline": {
    "distributor": [
      0.3333333333333333,
      0.0,
      1.0,
      0.0,
      0.0
    ],
    "farm": [
      0.47058823529411764,
      0.01568627450980392,
      1.0,
      1.0,
      0.0
    ],
    "processor": [
      0.6666666666666666,
      0.03333333333333333,
      1.0,
      0.0,
      0.0
    ],
    "recovery": [
      0.0,
      0.0,
      1.0,
      1.0,
      0.0
    ]
  }
}