{
  "heatwave": {
    "distributor": [
      1.0,
      0.3,
      1.0,
      1.0,
      0.0
    ],
    "farm": [
      0.32,
      0.0,
      1.0,
      1.0,
      0.0
    ],
    "processor": [
      0.6666666666666666,
      0.03333333333333333,
      1.0,
      0.3333333333333333,
      0.0
    ],
    "recovery": [
      0.0,
      0.0,
      1.0,
      0.6666666666666666,
      0.20000000000000004
    ]
  },
  "overproduction": {
    "distributor": [
      0.8333333333333334,
      0.16666666666666666,
      1.0,
      0.6666666666666666,
      0.0
    ],
    "farm": [
      0.28431372549019607,
      0.0,
      1.0,
      1.0,
      0.0
    ],
    "processor": [
      0.75,
      0.05,
      1.0,
      0.25,
      0.2
    ],
    "recovery": [
      0.0,
      0.0,
      1.0,
      1.0,
      0.2
    ]
  },
  "cyber_outage": {
    "distributor": [
      1.0,
      0.10000000000000002,
      1.0,
      1.0,
      0.0
    ],
    "farm": [
      0.31,
      0.0,
      1.0,
      1.0,
      0.0
    ],
    "processor": [
      0.16666666666666666,
      0.0,
      1.0,
      0.0,
      0.0
    ],
    "recovery": [
      0.0,
      0.0,
      1.0,
      0.6666666666666666,
      0.0
    ]
  },
  "adaptive_pricing": {
    "distributor": [
      0.3333333333333333,
      0.0,
      1.0,
      0.0,
      0.0
    ],
    "farm": [
      0.34,
      0.002,
      1.0,
      1.0,
      0.0
    ],
    "processor": [
      0.16666666666666666,
      0.0,
      1.0,
      0.0,
      0.0
    ],
    "recovery": [
      0.0,
      0.0,
      1.0,
      0.0,
      0.20000000000000004
    ]
  },
  "baseline": {
    "distributor": [
      0.3333333333333333,
      0.0,
      1.0,
      0.0,
      0.0
    ],
    "farm": [
      0.3,
      0.0,
      1.0,
      1.0,
      0.0
    ],
    "processor": [
      0.5,
      0.0,
      1.0,
      0.0,
      0.0
    ],
    "recovery": [
      0.0,
      0.0,
      1.0,
      1.0,
      0.0
    ]
  }
}