{
  "heatwave": {
    "distributor": [
      1.0,
      0.0,
      0.7390788205752871,
      1.0,
      0.0
    ],
    "farm": [
      0.12,
      0.002,
      0.8213575000000002,
      1.0,
      0.0
    ],
    "processor": [
      0.3333333333333333,
      0.0,
      0.7967619611819942,
      1.0,
      0.0
    ],
    "recovery": [
      0.0,
      0.0,
      0.7692622100089732,
      0.0,
      0.20000000000000004
    ]
  },
  "overproduction": {
    "distributor": [
      1.0,
      0.0,
      0.785827339918598,
      0.0,
      0.0
    ],
    "farm": [
      0.11764705882352941,
      0.00196078431372549,
      0.821426015205788,
      1.0,
      0.0
    ],
    "processor": [
      1.0,
      0.0,
      0.8157648198601914,
      1.0,
      0.20000000000000004
    ],
    "recovery": [
      0.0,
      0.0,
      0.8117655711610833,
      1.0,
      0.20000000000000004
    ]
  },
  "cyber_outage": {
    "distributor": [
      1.0,
      0.0,
      0.7759431546413693,
      0.0,
      0.0
    ],
    "farm": [
      0.12,
      0.002,
      0.8213575000000002,
      1.0,
      0.0
    ],
    "processor": [
      0.3333333333333333,
      0.0,
      0.8217957127481709,
      1.0,
      0.0
    ],
    "recovery": [
      0.0,
      0.0,
      0.7998635459439422,
      1.0,
      0.20000000000000004
    ]
  },
  "adaptive_pricing": {
    "distributor": [
      0.3333333333333333,
      0.0,
      0.7940898281034685,
      0.0,
      0.0
    ],
    "farm": [
      0.5384615384615384,
      0.01346153846153846,
      0.819957375478107,
      1.0,
      0.0
    ],
    "processor": [
      0.3333333333333333,
      0.0,
      0.8219952223378751,
      1.0,
      0.0
    ],
    "recovery": [
      0.0,
      0.0,
      0.8209649117733723,
      1.0,
      0.20000000000000004
    ]
  },
  "baseline": {
    "distributor": [
      0.0,
      0.0,
      0.7730625,
      0.0,
      0.0
    ],
    "farm": [
      0.12,
      0.002,
      0.8213575000000002,
      1.0,
      0.0
    ],
    "processor": [
      0.0,
      0.0,
      0.8238541666666667,
      1.0,
      0.0
    ],
    "recovery": [
      0.0,
      0.0,
      0.8234166666666667,
      1.0,
      0.20000000000000004
    ]
  }
}