setting,seed,scenario,agribrain_vs_no_context_difference_pct,static_change_from_nominal_pct,no_context_change_from_nominal_pct,agribrain_change_from_nominal_pct
nominal,42,heatwave,13.541666666666666,0.0,0.0,0.0
nominal,42,overproduction,11.458333333333332,0.0,0.0,0.0
nominal,42,cyber_outage,11.458333333333332,0.0,0.0,0.0
nominal,42,adaptive_pricing,15.277777777777779,0.0,0.0,0.0
nominal,42,baseline,12.152777777777777,0.0,0.0,0.0
nominal,1337,heatwave,13.194444444444445,0.0,0.0,0.0
nominal,1337,overproduction,11.11111111111111,0.0,0.0,0.0
nominal,1337,cyber_outage,11.11111111111111,0.0,0.0,0.0
nominal,1337,adaptive_pricing,13.541666666666666,0.0,0.0,0.0
nominal,1337,baseline,12.5,0.0,0.0,0.0
nominal,2024,heatwave,17.01388888888889,0.0,0.0,0.0
nominal,2024,overproduction,16.319444444444446,0.0,0.0,0.0
nominal,2024,cyber_outage,11.458333333333332,0.0,0.0,0.0
nominal,2024,adaptive_pricing,12.847222222222221,0.0,0.0,0.0
nominal,2024,baseline,15.625,0.0,0.0,0.0
nominal,7,heatwave,9.027777777777777,0.0,0.0,0.0
nominal,7,overproduction,10.76388888888889,0.0,0.0,0.0
nominal,7,cyber_outage,9.027777777777777,0.0,0.0,0.0
nominal,7,adaptive_pricing,10.069444444444445,0.0,0.0,0.0
nominal,7,baseline,14.930555555555555,0.0,0.0,0.0
nominal,99,heatwave,15.277777777777779,0.0,0.0,0.0
nominal,99,overproduction,12.5,0.0,0.0,0.0
nominal,99,cyber_outage,11.11111111111111,0.0,0.0,0.0
nominal,99,adaptive_pricing,18.40277777777778,0.0,0.0,0.0
nominal,99,baseline,15.972222222222221,0.0,0.0,0.0
nominal,101,heatwave,11.805555555555555,0.0,0.0,0.0
nominal,101,overproduction,9.027777777777777,0.0,0.0,0.0
nominal,101,cyber_outage,8.333333333333332,0.0,0.0,0.0
nominal,101,adaptive_pricing,12.152777777777777,0.0,0.0,0.0
nominal,101,baseline,14.583333333333334,0.0,0.0,0.0
nominal,202,heatwave,14.583333333333334,0.0,0.0,0.0
nominal,202,overproduction,12.847222222222221,0.0,0.0,0.0
nominal,202,cyber_outage,13.541666666666666,0.0,0.0,0.0
nominal,202,adaptive_pricing,14.583333333333334,0.0,0.0,0.0
nominal,202,baseline,17.36111111111111,0.0,0.0,0.0
nominal,303,heatwave,13.541666666666666,0.0,0.0,0.0
nominal,303,overproduction,12.847222222222221,0.0,0.0,0.0
nominal,303,cyber_outage,11.458333333333332,0.0,0.0,0.0
nominal,303,adaptive_pricing,15.625,0.0,0.0,0.0
nominal,303,baseline,15.972222222222221,0.0,0.0,0.0
nominal,404,heatwave,14.930555555555555,0.0,0.0,0.0
nominal,404,overproduction,15.625,0.0,0.0,0.0
nominal,404,cyber_outage,14.930555555555555,0.0,0.0,0.0
nominal,404,adaptive_pricing,14.930555555555555,0.0,0.0,0.0
nominal,404,baseline,15.972222222222221,0.0,0.0,0.0
nominal,505,heatwave,11.805555555555555,0.0,0.0,0.0
nominal,505,overproduction,12.847222222222221,0.0,0.0,0.0
nominal,505,cyber_outage,9.722222222222223,0.0,0.0,0.0
nominal,505,adaptive_pricing,14.583333333333334,0.0,0.0,0.0
nominal,505,baseline,14.583333333333334,0.0,0.0,0.0
nominal,606,heatwave,11.11111111111111,0.0,0.0,0.0
nominal,606,overproduction,13.194444444444445,0.0,0.0,0.0
nominal,606,cyber_outage,11.458333333333332,0.0,0.0,0.0
nominal,606,adaptive_pricing,15.277777777777779,0.0,0.0,0.0
nominal,606,baseline,17.01388888888889,0.0,0.0,0.0
nominal,707,heatwave,11.11111111111111,0.0,0.0,0.0
nominal,707,overproduction,18.75,0.0,0.0,0.0
nominal,707,cyber_outage,12.152777777777777,0.0,0.0,0.0
nominal,707,adaptive_pricing,15.277777777777779,0.0,0.0,0.0
nominal,707,baseline,15.277777777777779,0.0,0.0,0.0
nominal,808,heatwave,10.76388888888889,0.0,0.0,0.0
nominal,808,overproduction,7.986111111111111,0.0,0.0,0.0
nominal,808,cyber_outage,7.986111111111111,0.0,0.0,0.0
nominal,808,adaptive_pricing,11.11111111111111,0.0,0.0,0.0
nominal,808,baseline,15.625,0.0,0.0,0.0
nominal,909,heatwave,14.583333333333334,0.0,0.0,0.0
nominal,909,overproduction,5.902777777777778,0.0,0.0,0.0
nominal,909,cyber_outage,11.458333333333332,0.0,0.0,0.0
nominal,909,adaptive_pricing,12.152777777777777,0.0,0.0,0.0
nominal,909,baseline,6.597222222222222,0.0,0.0,0.0
nominal,1010,heatwave,12.152777777777777,0.0,0.0,0.0
nominal,1010,overproduction,13.194444444444445,0.0,0.0,0.0
nominal,1010,cyber_outage,10.069444444444445,0.0,0.0,0.0
nominal,1010,adaptive_pricing,15.277777777777779,0.0,0.0,0.0
nominal,1010,baseline,10.76388888888889,0.0,0.0,0.0
nominal,1111,heatwave,12.5,0.0,0.0,0.0
nominal,1111,overproduction,17.36111111111111,0.0,0.0,0.0
nominal,1111,cyber_outage,11.11111111111111,0.0,0.0,0.0
nominal,1111,adaptive_pricing,15.625,0.0,0.0,0.0
nominal,1111,baseline,16.666666666666664,0.0,0.0,0.0
nominal,1212,heatwave,10.069444444444445,0.0,0.0,0.0
nominal,1212,overproduction,10.416666666666668,0.0,0.0,0.0
nominal,1212,cyber_outage,6.944444444444445,0.0,0.0,0.0
nominal,1212,adaptive_pricing,12.5,0.0,0.0,0.0
nominal,1212,baseline,18.055555555555554,0.0,0.0,0.0
nominal,1313,heatwave,16.319444444444446,0.0,0.0,0.0
nominal,1313,overproduction,17.01388888888889,0.0,0.0,0.0
nominal,1313,cyber_outage,12.152777777777777,0.0,0.0,0.0
nominal,1313,adaptive_pricing,8.333333333333332,0.0,0.0,0.0
nominal,1313,baseline,18.40277777777778,0.0,0.0,0.0
nominal,1414,heatwave,9.375,0.0,0.0,0.0
nominal,1414,overproduction,9.375,0.0,0.0,0.0
nominal,1414,cyber_outage,10.416666666666668,0.0,0.0,0.0
nominal,1414,adaptive_pricing,10.76388888888889,0.0,0.0,0.0
nominal,1414,baseline,12.847222222222221,0.0,0.0,0.0
nominal,1515,heatwave,12.5,0.0,0.0,0.0
nominal,1515,overproduction,13.194444444444445,0.0,0.0,0.0
nominal,1515,cyber_outage,11.805555555555555,0.0,0.0,0.0
nominal,1515,adaptive_pricing,14.23611111111111,0.0,0.0,0.0
nominal,1515,baseline,17.708333333333336,0.0,0.0,0.0
base_policy_minus20,42,heatwave,14.930555555555555,0.0,6.597222222222222,5.208333333333334
base_policy_minus20,42,overproduction,12.152777777777777,0.0,4.861111111111112,4.166666666666666
base_policy_minus20,42,cyber_outage,11.805555555555555,0.0,4.513888888888888,4.861111111111112
base_policy_minus20,42,adaptive_pricing,15.625,0.0,4.166666666666666,3.8194444444444446
base_policy_minus20,42,baseline,15.625,0.0,5.555555555555555,2.7777777777777777
base_policy_minus20,1337,heatwave,12.5,0.0,8.680555555555555,5.902777777777778
base_policy_minus20,1337,overproduction,12.847222222222221,0.0,5.902777777777778,2.7777777777777777
base_policy_minus20,1337,cyber_outage,9.027777777777777,0.0,5.902777777777778,5.902777777777778
base_policy_minus20,1337,adaptive_pricing,13.194444444444445,0.0,6.597222222222222,3.4722222222222223
base_policy_minus20,1337,baseline,14.23611111111111,0.0,4.861111111111112,5.208333333333334
base_policy_minus20,2024,heatwave,17.708333333333336,0.0,6.597222222222222,5.208333333333334
base_policy_minus20,2024,overproduction,15.277777777777779,0.0,4.166666666666666,3.8194444444444446
base_policy_minus20,2024,cyber_outage,10.76388888888889,0.0,6.25,3.4722222222222223
base_policy_minus20,2024,adaptive_pricing,12.847222222222221,0.0,5.555555555555555,3.4722222222222223
base_policy_minus20,2024,baseline,14.23611111111111,0.0,6.25,4.166666666666666
base_policy_minus20,7,heatwave,12.152777777777777,0.0,6.25,3.8194444444444446
base_policy_minus20,7,overproduction,13.541666666666666,0.0,6.944444444444445,3.4722222222222223
base_policy_minus20,7,cyber_outage,10.76388888888889,0.0,5.208333333333334,2.7777777777777777
base_policy_minus20,7,adaptive_pricing,11.11111111111111,0.0,3.8194444444444446,4.861111111111112
base_policy_minus20,7,baseline,13.194444444444445,0.0,2.430555555555556,4.166666666666666
base_policy_minus20,99,heatwave,17.708333333333336,0.0,9.027777777777777,3.125
base_policy_minus20,99,overproduction,13.194444444444445,0.0,4.861111111111112,4.166666666666666
base_policy_minus20,99,cyber_outage,11.458333333333332,0.0,4.513888888888888,2.7777777777777777
base_policy_minus20,99,adaptive_pricing,16.666666666666664,0.0,5.555555555555555,6.597222222222222
base_policy_minus20,99,baseline,15.972222222222221,0.0,6.944444444444445,5.555555555555555
base_policy_minus20,101,heatwave,13.194444444444445,0.0,5.208333333333334,3.8194444444444446
base_policy_minus20,101,overproduction,11.11111111111111,0.0,6.25,2.083333333333333
base_policy_minus20,101,cyber_outage,9.722222222222223,0.0,4.513888888888888,3.8194444444444446
base_policy_minus20,101,adaptive_pricing,11.458333333333332,0.0,2.7777777777777777,4.166666666666666
base_policy_minus20,101,baseline,18.055555555555554,0.0,4.513888888888888,3.125
base_policy_minus20,202,heatwave,16.319444444444446,0.0,5.555555555555555,6.597222222222222
base_policy_minus20,202,overproduction,13.88888888888889,0.0,5.555555555555555,5.208333333333334
base_policy_minus20,202,cyber_outage,12.847222222222221,0.0,6.25,5.555555555555555
base_policy_minus20,202,adaptive_pricing,14.930555555555555,0.0,4.166666666666666,2.430555555555556
base_policy_minus20,202,baseline,16.319444444444446,0.0,4.513888888888888,4.166666666666666
base_policy_minus20,303,heatwave,15.972222222222221,0.0,7.291666666666667,4.166666666666666
base_policy_minus20,303,overproduction,14.930555555555555,0.0,5.902777777777778,3.125
base_policy_minus20,303,cyber_outage,14.23611111111111,0.0,7.291666666666667,5.902777777777778
base_policy_minus20,303,adaptive_pricing,15.972222222222221,0.0,6.597222222222222,4.166666666666666
base_policy_minus20,303,baseline,15.277777777777779,0.0,3.4722222222222223,4.861111111111112
base_policy_minus20,404,heatwave,12.5,0.0,6.597222222222222,3.4722222222222223
base_policy_minus20,404,overproduction,15.277777777777779,0.0,4.166666666666666,5.208333333333334
base_policy_minus20,404,cyber_outage,14.23611111111111,0.0,6.944444444444445,4.166666666666666
base_policy_minus20,404,adaptive_pricing,16.319444444444446,0.0,5.208333333333334,3.125
base_policy_minus20,404,baseline,17.36111111111111,0.0,3.8194444444444446,3.125
base_policy_minus20,505,heatwave,16.319444444444446,0.0,7.638888888888889,5.902777777777778
base_policy_minus20,505,overproduction,15.972222222222221,0.0,5.555555555555555,2.430555555555556
base_policy_minus20,505,cyber_outage,10.76388888888889,0.0,5.555555555555555,3.8194444444444446
base_policy_minus20,505,adaptive_pricing,14.23611111111111,0.0,5.208333333333334,4.861111111111112
base_policy_minus20,505,baseline,15.625,0.0,4.513888888888888,4.861111111111112
base_policy_minus20,606,heatwave,12.847222222222221,0.0,4.513888888888888,2.7777777777777777
base_policy_minus20,606,overproduction,13.88888888888889,0.0,4.861111111111112,4.166666666666666
base_policy_minus20,606,cyber_outage,10.416666666666668,0.0,4.166666666666666,1.7361111111111112
base_policy_minus20,606,adaptive_pricing,17.36111111111111,0.0,6.944444444444445,2.7777777777777777
base_policy_minus20,606,baseline,17.708333333333336,0.0,4.513888888888888,2.430555555555556
base_policy_minus20,707,heatwave,11.805555555555555,0.0,5.208333333333334,3.8194444444444446
base_policy_minus20,707,overproduction,20.13888888888889,0.0,5.555555555555555,4.166666666666666
base_policy_minus20,707,cyber_outage,11.458333333333332,0.0,6.25,6.25
base_policy_minus20,707,adaptive_pricing,17.36111111111111,0.0,4.513888888888888,5.208333333333334
base_policy_minus20,707,baseline,15.972222222222221,0.0,6.25,3.4722222222222223
base_policy_minus20,808,heatwave,14.23611111111111,0.0,9.722222222222223,4.166666666666666
base_policy_minus20,808,overproduction,10.76388888888889,0.0,3.8194444444444446,2.430555555555556
base_policy_minus20,808,cyber_outage,9.375,0.0,4.166666666666666,2.083333333333333
base_policy_minus20,808,adaptive_pricing,13.88888888888889,0.0,4.166666666666666,4.166666666666666
base_policy_minus20,808,baseline,13.88888888888889,0.0,3.8194444444444446,5.555555555555555
base_policy_minus20,909,heatwave,13.88888888888889,0.0,6.944444444444445,5.555555555555555
base_policy_minus20,909,overproduction,8.680555555555555,0.0,3.125,2.430555555555556
base_policy_minus20,909,cyber_outage,11.805555555555555,0.0,4.166666666666666,4.513888888888888
base_policy_minus20,909,adaptive_pricing,13.194444444444445,0.0,3.125,4.861111111111112
base_policy_minus20,909,baseline,8.680555555555555,0.0,3.125,1.7361111111111112
base_policy_minus20,1010,heatwave,14.583333333333334,0.0,6.25,4.513888888888888
base_policy_minus20,1010,overproduction,14.23611111111111,0.0,5.208333333333334,3.4722222222222223
base_policy_minus20,1010,cyber_outage,11.11111111111111,0.0,5.208333333333334,4.166666666666666
base_policy_minus20,1010,adaptive_pricing,15.625,0.0,4.513888888888888,4.861111111111112
base_policy_minus20,1010,baseline,12.847222222222221,0.0,5.555555555555555,2.7777777777777777
base_policy_minus20,1111,heatwave,10.76388888888889,0.0,6.597222222222222,6.944444444444445
base_policy_minus20,1111,overproduction,17.01388888888889,0.0,6.597222222222222,4.861111111111112
base_policy_minus20,1111,cyber_outage,10.76388888888889,0.0,5.208333333333334,4.166666666666666
base_policy_minus20,1111,adaptive_pricing,15.277777777777779,0.0,4.513888888888888,4.166666666666666
base_policy_minus20,1111,baseline,15.972222222222221,0.0,7.638888888888889,5.555555555555555
base_policy_minus20,1212,heatwave,11.805555555555555,0.0,5.555555555555555,3.8194444444444446
base_policy_minus20,1212,overproduction,14.583333333333334,0.0,7.291666666666667,1.7361111111111112
base_policy_minus20,1212,cyber_outage,7.638888888888889,0.0,1.7361111111111112,3.125
base_policy_minus20,1212,adaptive_pricing,13.194444444444445,0.0,4.861111111111112,2.7777777777777777
base_policy_minus20,1212,baseline,18.40277777777778,0.0,3.125,5.555555555555555
base_policy_minus20,1313,heatwave,17.36111111111111,0.0,8.680555555555555,6.944444444444445
base_policy_minus20,1313,overproduction,15.625,0.0,8.333333333333332,6.944444444444445
base_policy_minus20,1313,cyber_outage,11.805555555555555,0.0,4.166666666666666,5.208333333333334
base_policy_minus20,1313,adaptive_pricing,11.458333333333332,0.0,7.291666666666667,3.4722222222222223
base_policy_minus20,1313,baseline,21.875,0.0,5.902777777777778,5.208333333333334
base_policy_minus20,1414,heatwave,13.541666666666666,0.0,8.680555555555555,3.125
base_policy_minus20,1414,overproduction,11.805555555555555,0.0,4.166666666666666,3.125
base_policy_minus20,1414,cyber_outage,12.152777777777777,0.0,6.25,2.430555555555556
base_policy_minus20,1414,adaptive_pricing,12.152777777777777,0.0,6.597222222222222,1.7361111111111112
base_policy_minus20,1414,baseline,13.541666666666666,0.0,4.861111111111112,4.166666666666666
base_policy_minus20,1515,heatwave,15.625,0.0,4.513888888888888,4.166666666666666
base_policy_minus20,1515,overproduction,17.01388888888889,0.0,5.208333333333334,2.7777777777777777
base_policy_minus20,1515,cyber_outage,10.069444444444445,0.0,3.125,3.4722222222222223
base_policy_minus20,1515,adaptive_pricing,13.541666666666666,0.0,4.166666666666666,4.861111111111112
base_policy_minus20,1515,baseline,16.319444444444446,0.0,3.125,4.513888888888888
base_policy_plus20,42,heatwave,12.847222222222221,0.0,5.555555555555555,2.7777777777777777
base_policy_plus20,42,overproduction,7.986111111111111,0.0,4.513888888888888,1.7361111111111112
base_policy_plus20,42,cyber_outage,10.76388888888889,0.0,4.861111111111112,3.4722222222222223
base_policy_plus20,42,adaptive_pricing,13.194444444444445,0.0,3.8194444444444446,4.513888888888888
base_policy_plus20,42,baseline,11.458333333333332,0.0,3.8194444444444446,3.8194444444444446
base_policy_plus20,1337,heatwave,9.375,0.0,4.861111111111112,2.430555555555556
base_policy_plus20,1337,overproduction,7.986111111111111,0.0,5.208333333333334,1.3888888888888888
base_policy_plus20,1337,cyber_outage,10.416666666666668,0.0,4.166666666666666,2.7777777777777777
base_policy_plus20,1337,adaptive_pricing,13.88888888888889,0.0,4.861111111111112,3.8194444444444446
base_policy_plus20,1337,baseline,11.458333333333332,0.0,4.861111111111112,4.513888888888888
base_policy_plus20,2024,heatwave,17.708333333333336,0.0,3.4722222222222223,6.25
base_policy_plus20,2024,overproduction,14.583333333333334,0.0,4.861111111111112,3.8194444444444446
base_policy_plus20,2024,cyber_outage,8.680555555555555,0.0,3.8194444444444446,1.7361111111111112
base_policy_plus20,2024,adaptive_pricing,13.88888888888889,0.0,6.597222222222222,5.555555555555555
base_policy_plus20,2024,baseline,16.666666666666664,0.0,3.4722222222222223,3.8194444444444446
base_policy_plus20,7,heatwave,9.722222222222223,0.0,2.430555555555556,3.8194444444444446
base_policy_plus20,7,overproduction,12.152777777777777,0.0,3.4722222222222223,2.083333333333333
base_policy_plus20,7,cyber_outage,9.375,0.0,2.430555555555556,3.4722222222222223
base_policy_plus20,7,adaptive_pricing,9.375,0.0,4.166666666666666,4.166666666666666
base_policy_plus20,7,baseline,12.847222222222221,0.0,5.902777777777778,2.430555555555556
base_policy_plus20,99,heatwave,11.805555555555555,0.0,4.513888888888888,3.8194444444444446
base_policy_plus20,99,overproduction,8.333333333333332,0.0,6.597222222222222,3.125
base_policy_plus20,99,cyber_outage,11.11111111111111,0.0,3.4722222222222223,4.166666666666666
base_policy_plus20,99,adaptive_pricing,14.930555555555555,0.0,6.944444444444445,2.7777777777777777
base_policy_plus20,99,baseline,15.277777777777779,0.0,4.513888888888888,4.513888888888888
base_policy_plus20,101,heatwave,10.416666666666668,0.0,4.861111111111112,2.7777777777777777
base_policy_plus20,101,overproduction,9.375,0.0,1.7361111111111112,2.7777777777777777
base_policy_plus20,101,cyber_outage,11.458333333333332,0.0,6.597222222222222,2.7777777777777777
base_policy_plus20,101,adaptive_pricing,11.805555555555555,0.0,3.8194444444444446,3.4722222222222223
base_policy_plus20,101,baseline,12.847222222222221,0.0,3.4722222222222223,2.430555555555556
base_policy_plus20,202,heatwave,11.805555555555555,0.0,5.208333333333334,1.7361111111111112
base_policy_plus20,202,overproduction,10.069444444444445,0.0,5.555555555555555,2.7777777777777777
base_policy_plus20,202,cyber_outage,10.069444444444445,0.0,5.902777777777778,3.125
base_policy_plus20,202,adaptive_pricing,14.23611111111111,0.0,3.4722222222222223,4.513888888888888
base_policy_plus20,202,baseline,16.666666666666664,0.0,5.208333333333334,2.430555555555556
base_policy_plus20,303,heatwave,11.458333333333332,0.0,4.861111111111112,1.3888888888888888
base_policy_plus20,303,overproduction,10.416666666666668,0.0,4.513888888888888,2.083333333333333
base_policy_plus20,303,cyber_outage,10.069444444444445,0.0,4.861111111111112,3.4722222222222223
base_policy_plus20,303,adaptive_pricing,14.930555555555555,0.0,5.555555555555555,4.861111111111112
base_policy_plus20,303,baseline,14.23611111111111,0.0,6.25,2.430555555555556
base_policy_plus20,404,heatwave,13.88888888888889,0.0,5.555555555555555,3.8194444444444446
base_policy_plus20,404,overproduction,13.194444444444445,0.0,4.166666666666666,1.7361111111111112
base_policy_plus20,404,cyber_outage,12.5,0.0,6.597222222222222,3.4722222222222223
base_policy_plus20,404,adaptive_pricing,15.277777777777779,0.0,3.4722222222222223,2.430555555555556
base_policy_plus20,404,baseline,14.23611111111111,0.0,4.166666666666666,3.8194444444444446
base_policy_plus20,505,heatwave,11.458333333333332,0.0,5.208333333333334,3.4722222222222223
base_policy_plus20,505,overproduction,10.069444444444445,0.0,3.4722222222222223,1.3888888888888888
base_policy_plus20,505,cyber_outage,10.76388888888889,0.0,3.4722222222222223,3.8194444444444446
base_policy_plus20,505,adaptive_pricing,13.88888888888889,0.0,4.513888888888888,3.125
base_policy_plus20,505,baseline,13.194444444444445,0.0,3.4722222222222223,2.7777777777777777
base_policy_plus20,606,heatwave,10.76388888888889,0.0,5.208333333333334,3.4722222222222223
base_policy_plus20,606,overproduction,10.76388888888889,0.0,3.125,4.166666666666666
base_policy_plus20,606,cyber_outage,11.458333333333332,0.0,3.125,2.430555555555556
base_policy_plus20,606,adaptive_pricing,15.625,0.0,4.513888888888888,4.166666666666666
base_policy_plus20,606,baseline,19.444444444444446,0.0,4.513888888888888,4.861111111111112
base_policy_plus20,707,heatwave,9.722222222222223,0.0,4.861111111111112,4.166666666666666
base_policy_plus20,707,overproduction,13.88888888888889,0.0,3.8194444444444446,3.125
base_policy_plus20,707,cyber_outage,12.152777777777777,0.0,5.902777777777778,3.8194444444444446
base_policy_plus20,707,adaptive_pricing,15.277777777777779,0.0,4.861111111111112,4.861111111111112
base_policy_plus20,707,baseline,13.541666666666666,0.0,2.083333333333333,3.125
base_policy_plus20,808,heatwave,12.5,0.0,2.7777777777777777,5.208333333333334
base_policy_plus20,808,overproduction,7.291666666666667,0.0,3.4722222222222223,2.7777777777777777
base_policy_plus20,808,cyber_outage,7.291666666666667,0.0,3.125,5.208333333333334
base_policy_plus20,808,adaptive_pricing,11.11111111111111,0.0,3.4722222222222223,4.166666666666666
base_policy_plus20,808,baseline,14.23611111111111,0.0,4.513888888888888,1.7361111111111112
base_policy_plus20,909,heatwave,11.805555555555555,0.0,5.555555555555555,4.861111111111112
base_policy_plus20,909,overproduction,4.513888888888888,0.0,2.430555555555556,1.7361111111111112
base_policy_plus20,909,cyber_outage,7.986111111111111,0.0,4.861111111111112,3.4722222222222223
base_policy_plus20,909,adaptive_pricing,12.5,0.0,3.4722222222222223,3.125
base_policy_plus20,909,baseline,8.680555555555555,0.0,3.125,1.0416666666666665
base_policy_plus20,1010,heatwave,11.805555555555555,0.0,1.3888888888888888,2.430555555555556
base_policy_plus20,1010,overproduction,9.027777777777777,0.0,5.902777777777778,3.125
base_policy_plus20,1010,cyber_outage,9.027777777777777,0.0,7.291666666666667,2.7777777777777777
base_policy_plus20,1010,adaptive_pricing,14.930555555555555,0.0,4.166666666666666,4.513888888888888
base_policy_plus20,1010,baseline,12.152777777777777,0.0,4.513888888888888,6.597222222222222
base_policy_plus20,1111,heatwave,11.11111111111111,0.0,4.166666666666666,4.166666666666666
base_policy_plus20,1111,overproduction,13.88888888888889,0.0,5.902777777777778,3.125
base_policy_plus20,1111,cyber_outage,10.76388888888889,0.0,3.4722222222222223,4.513888888888888
base_policy_plus20,1111,adaptive_pricing,13.194444444444445,0.0,4.513888888888888,2.7777777777777777
base_policy_plus20,1111,baseline,15.277777777777779,0.0,3.4722222222222223,1.3888888888888888
base_policy_plus20,1212,heatwave,9.722222222222223,0.0,3.125,2.083333333333333
base_policy_plus20,1212,overproduction,9.027777777777777,0.0,3.8194444444444446,2.430555555555556
base_policy_plus20,1212,cyber_outage,7.986111111111111,0.0,3.4722222222222223,3.125
base_policy_plus20,1212,adaptive_pricing,13.541666666666666,0.0,1.7361111111111112,3.4722222222222223
base_policy_plus20,1212,baseline,14.930555555555555,0.0,5.208333333333334,3.4722222222222223
base_policy_plus20,1313,heatwave,15.625,0.0,5.902777777777778,6.597222222222222
base_policy_plus20,1313,overproduction,13.541666666666666,0.0,6.597222222222222,3.8194444444444446
base_policy_plus20,1313,cyber_outage,11.11111111111111,0.0,4.513888888888888,6.944444444444445
base_policy_plus20,1313,adaptive_pricing,10.416666666666668,0.0,5.555555555555555,2.7777777777777777
base_policy_plus20,1313,baseline,17.708333333333336,0.0,5.208333333333334,3.8194444444444446
base_policy_plus20,1414,heatwave,9.375,0.0,2.083333333333333,4.166666666666666
base_policy_plus20,1414,overproduction,7.291666666666667,0.0,3.4722222222222223,1.3888888888888888
base_policy_plus20,1414,cyber_outage,10.069444444444445,0.0,3.125,4.166666666666666
base_policy_plus20,1414,adaptive_pricing,12.5,0.0,3.4722222222222223,4.513888888888888
base_policy_plus20,1414,baseline,13.88888888888889,0.0,3.4722222222222223,3.8194444444444446
base_policy_plus20,1515,heatwave,11.805555555555555,0.0,4.861111111111112,4.166666666666666
base_policy_plus20,1515,overproduction,12.5,0.0,4.166666666666666,4.166666666666666
base_policy_plus20,1515,cyber_outage,11.11111111111111,0.0,3.4722222222222223,2.7777777777777777
base_policy_plus20,1515,adaptive_pricing,12.152777777777777,0.0,3.4722222222222223,2.083333333333333
base_policy_plus20,1515,baseline,15.277777777777779,0.0,5.555555555555555,4.513888888888888
mcp_prior_minus20,42,heatwave,13.194444444444445,0.0,0.0,0.3472222222222222
mcp_prior_minus20,42,overproduction,11.458333333333332,0.0,0.0,0.0
mcp_prior_minus20,42,cyber_outage,11.458333333333332,0.0,0.0,0.0
mcp_prior_minus20,42,adaptive_pricing,14.930555555555555,0.0,0.0,0.3472222222222222
mcp_prior_minus20,42,baseline,11.805555555555555,0.0,0.0,0.3472222222222222
mcp_prior_minus20,1337,heatwave,11.805555555555555,0.0,0.0,1.3888888888888888
mcp_prior_minus20,1337,overproduction,11.11111111111111,0.0,0.0,0.0
mcp_prior_minus20,1337,cyber_outage,11.11111111111111,0.0,0.0,0.0
mcp_prior_minus20,1337,adaptive_pricing,12.847222222222221,0.0,0.0,0.6944444444444444
mcp_prior_minus20,1337,baseline,12.152777777777777,0.0,0.0,0.3472222222222222
mcp_prior_minus20,2024,heatwave,16.319444444444446,0.0,0.0,0.6944444444444444
mcp_prior_minus20,2024,overproduction,14.930555555555555,0.0,0.0,1.3888888888888888
mcp_prior_minus20,2024,cyber_outage,11.11111111111111,0.0,0.0,0.3472222222222222
mcp_prior_minus20,2024,adaptive_pricing,11.805555555555555,0.0,0.0,1.0416666666666665
mcp_prior_minus20,2024,baseline,14.930555555555555,0.0,0.0,0.6944444444444444
mcp_prior_minus20,7,heatwave,8.333333333333332,0.0,0.0,0.6944444444444444
mcp_prior_minus20,7,overproduction,10.76388888888889,0.0,0.0,0.0
mcp_prior_minus20,7,cyber_outage,9.027777777777777,0.0,0.0,0.0
mcp_prior_minus20,7,adaptive_pricing,10.069444444444445,0.0,0.0,0.6944444444444444
mcp_prior_minus20,7,baseline,14.583333333333334,0.0,0.0,0.3472222222222222
mcp_prior_minus20,99,heatwave,14.930555555555555,0.0,0.0,0.3472222222222222
mcp_prior_minus20,99,overproduction,12.152777777777777,0.0,0.0,0.3472222222222222
mcp_prior_minus20,99,cyber_outage,10.76388888888889,0.0,0.0,0.3472222222222222
mcp_prior_minus20,99,adaptive_pricing,17.36111111111111,0.0,0.0,1.0416666666666665
mcp_prior_minus20,99,baseline,15.972222222222221,0.0,0.0,0.0
mcp_prior_minus20,101,heatwave,11.458333333333332,0.0,0.0,0.3472222222222222
mcp_prior_minus20,101,overproduction,8.680555555555555,0.0,0.0,0.3472222222222222
mcp_prior_minus20,101,cyber_outage,8.333333333333332,0.0,0.0,0.0
mcp_prior_minus20,101,adaptive_pricing,11.458333333333332,0.0,0.0,0.6944444444444444
mcp_prior_minus20,101,baseline,14.583333333333334,0.0,0.0,0.0
mcp_prior_minus20,202,heatwave,13.88888888888889,0.0,0.0,0.6944444444444444
mcp_prior_minus20,202,overproduction,12.5,0.0,0.0,0.3472222222222222
mcp_prior_minus20,202,cyber_outage,13.541666666666666,0.0,0.0,0.6944444444444444
mcp_prior_minus20,202,adaptive_pricing,14.583333333333334,0.0,0.0,0.0
mcp_prior_minus20,202,baseline,17.36111111111111,0.0,0.0,0.0
mcp_prior_minus20,303,heatwave,13.541666666666666,0.0,0.0,0.0
mcp_prior_minus20,303,overproduction,12.847222222222221,0.0,0.0,0.0
mcp_prior_minus20,303,cyber_outage,11.458333333333332,0.0,0.0,0.0
mcp_prior_minus20,303,adaptive_pricing,14.930555555555555,0.0,0.0,0.6944444444444444
mcp_prior_minus20,303,baseline,16.319444444444446,0.0,0.0,0.3472222222222222
mcp_prior_minus20,404,heatwave,14.930555555555555,0.0,0.0,0.6944444444444444
mcp_prior_minus20,404,overproduction,14.930555555555555,0.0,0.0,0.6944444444444444
mcp_prior_minus20,404,cyber_outage,14.930555555555555,0.0,0.0,0.0
mcp_prior_minus20,404,adaptive_pricing,14.583333333333334,0.0,0.0,0.3472222222222222
mcp_prior_minus20,404,baseline,15.625,0.0,0.0,0.3472222222222222
mcp_prior_minus20,505,heatwave,10.76388888888889,0.0,0.0,1.0416666666666665
mcp_prior_minus20,505,overproduction,12.5,0.0,0.0,0.3472222222222222
mcp_prior_minus20,505,cyber_outage,9.722222222222223,0.0,0.0,0.0
mcp_prior_minus20,505,adaptive_pricing,14.23611111111111,0.0,0.0,1.0416666666666665
mcp_prior_minus20,505,baseline,14.23611111111111,0.0,0.0,0.3472222222222222
mcp_prior_minus20,606,heatwave,10.416666666666668,0.0,0.0,0.6944444444444444
mcp_prior_minus20,606,overproduction,12.5,0.0,0.0,0.6944444444444444
mcp_prior_minus20,606,cyber_outage,11.11111111111111,0.0,0.0,0.3472222222222222
mcp_prior_minus20,606,adaptive_pricing,14.930555555555555,0.0,0.0,0.3472222222222222
mcp_prior_minus20,606,baseline,17.01388888888889,0.0,0.0,0.0
mcp_prior_minus20,707,heatwave,10.069444444444445,0.0,0.0,1.0416666666666665
mcp_prior_minus20,707,overproduction,18.40277777777778,0.0,0.0,0.3472222222222222
mcp_prior_minus20,707,cyber_outage,12.152777777777777,0.0,0.0,0.0
mcp_prior_minus20,707,adaptive_pricing,13.194444444444445,0.0,0.0,2.083333333333333
mcp_prior_minus20,707,baseline,14.23611111111111,0.0,0.0,1.0416666666666665
mcp_prior_minus20,808,heatwave,10.76388888888889,0.0,0.0,0.0
mcp_prior_minus20,808,overproduction,7.638888888888889,0.0,0.0,0.3472222222222222
mcp_prior_minus20,808,cyber_outage,7.986111111111111,0.0,0.0,0.0
mcp_prior_minus20,808,adaptive_pricing,10.416666666666668,0.0,0.0,0.6944444444444444
mcp_prior_minus20,808,baseline,14.930555555555555,0.0,0.0,0.6944444444444444
mcp_prior_minus20,909,heatwave,13.541666666666666,0.0,0.0,1.0416666666666665
mcp_prior_minus20,909,overproduction,5.555555555555555,0.0,0.0,0.3472222222222222
mcp_prior_minus20,909,cyber_outage,10.416666666666668,0.0,0.0,1.0416666666666665
mcp_prior_minus20,909,adaptive_pricing,12.152777777777777,0.0,0.0,0.0
mcp_prior_minus20,909,baseline,6.597222222222222,0.0,0.0,0.0
mcp_prior_minus20,1010,heatwave,11.458333333333332,0.0,0.0,0.6944444444444444
mcp_prior_minus20,1010,overproduction,12.5,0.0,0.0,0.6944444444444444
mcp_prior_minus20,1010,cyber_outage,9.722222222222223,0.0,0.0,0.3472222222222222
mcp_prior_minus20,1010,adaptive_pricing,14.930555555555555,0.0,0.0,0.3472222222222222
mcp_prior_minus20,1010,baseline,10.069444444444445,0.0,0.0,0.6944444444444444
mcp_prior_minus20,1111,heatwave,11.458333333333332,0.0,0.0,1.0416666666666665
mcp_prior_minus20,1111,overproduction,17.36111111111111,0.0,0.0,0.0
mcp_prior_minus20,1111,cyber_outage,11.11111111111111,0.0,0.0,0.0
mcp_prior_minus20,1111,adaptive_pricing,15.277777777777779,0.0,0.0,0.3472222222222222
mcp_prior_minus20,1111,baseline,15.972222222222221,0.0,0.0,0.6944444444444444
mcp_prior_minus20,1212,heatwave,9.722222222222223,0.0,0.0,0.3472222222222222
mcp_prior_minus20,1212,overproduction,9.722222222222223,0.0,0.0,0.6944444444444444
mcp_prior_minus20,1212,cyber_outage,6.944444444444445,0.0,0.0,0.0
mcp_prior_minus20,1212,adaptive_pricing,12.152777777777777,0.0,0.0,0.3472222222222222
mcp_prior_minus20,1212,baseline,18.055555555555554,0.0,0.0,0.0
mcp_prior_minus20,1313,heatwave,14.930555555555555,0.0,0.0,1.3888888888888888
mcp_prior_minus20,1313,overproduction,16.666666666666664,0.0,0.0,0.3472222222222222
mcp_prior_minus20,1313,cyber_outage,12.152777777777777,0.0,0.0,0.0
mcp_prior_minus20,1313,adaptive_pricing,8.333333333333332,0.0,0.0,0.0
mcp_prior_minus20,1313,baseline,18.40277777777778,0.0,0.0,0.0
mcp_prior_minus20,1414,heatwave,9.027777777777777,0.0,0.0,0.3472222222222222
mcp_prior_minus20,1414,overproduction,9.375,0.0,0.0,0.0
mcp_prior_minus20,1414,cyber_outage,10.069444444444445,0.0,0.0,0.3472222222222222
mcp_prior_minus20,1414,adaptive_pricing,10.76388888888889,0.0,0.0,0.0
mcp_prior_minus20,1414,baseline,12.847222222222221,0.0,0.0,0.0
mcp_prior_minus20,1515,heatwave,12.5,0.0,0.0,0.0
mcp_prior_minus20,1515,overproduction,12.847222222222221,0.0,0.0,0.3472222222222222
mcp_prior_minus20,1515,cyber_outage,11.805555555555555,0.0,0.0,0.0
mcp_prior_minus20,1515,adaptive_pricing,13.541666666666666,0.0,0.0,0.6944444444444444
mcp_prior_minus20,1515,baseline,17.36111111111111,0.0,0.0,0.3472222222222222
mcp_prior_plus20,42,heatwave,13.88888888888889,0.0,0.0,0.3472222222222222
mcp_prior_plus20,42,overproduction,11.805555555555555,0.0,0.0,0.3472222222222222
mcp_prior_plus20,42,cyber_outage,11.458333333333332,0.0,0.0,0.0
mcp_prior_plus20,42,adaptive_pricing,15.625,0.0,0.0,0.3472222222222222
mcp_prior_plus20,42,baseline,12.5,0.0,0.0,0.3472222222222222
mcp_prior_plus20,1337,heatwave,14.23611111111111,0.0,0.0,1.0416666666666665
mcp_prior_plus20,1337,overproduction,11.11111111111111,0.0,0.0,0.0
mcp_prior_plus20,1337,cyber_outage,11.11111111111111,0.0,0.0,0.0
mcp_prior_plus20,1337,adaptive_pricing,13.88888888888889,0.0,0.0,0.3472222222222222
mcp_prior_plus20,1337,baseline,13.194444444444445,0.0,0.0,0.6944444444444444
mcp_prior_plus20,2024,heatwave,16.666666666666664,0.0,0.0,0.3472222222222222
mcp_prior_plus20,2024,overproduction,17.36111111111111,0.0,0.0,1.0416666666666665
mcp_prior_plus20,2024,cyber_outage,11.458333333333332,0.0,0.0,0.0
mcp_prior_plus20,2024,adaptive_pricing,13.194444444444445,0.0,0.0,0.3472222222222222
mcp_prior_plus20,2024,baseline,15.972222222222221,0.0,0.0,0.3472222222222222
mcp_prior_plus20,7,heatwave,9.375,0.0,0.0,0.3472222222222222
mcp_prior_plus20,7,overproduction,11.458333333333332,0.0,0.0,0.6944444444444444
mcp_prior_plus20,7,cyber_outage,9.027777777777777,0.0,0.0,0.0
mcp_prior_plus20,7,adaptive_pricing,10.416666666666668,0.0,0.0,0.3472222222222222
mcp_prior_plus20,7,baseline,15.277777777777779,0.0,0.0,0.3472222222222222
mcp_prior_plus20,99,heatwave,15.277777777777779,0.0,0.0,0.0
mcp_prior_plus20,99,overproduction,12.847222222222221,0.0,0.0,0.3472222222222222
mcp_prior_plus20,99,cyber_outage,11.11111111111111,0.0,0.0,0.0
mcp_prior_plus20,99,adaptive_pricing,18.40277777777778,0.0,0.0,0.0
mcp_prior_plus20,99,baseline,16.666666666666664,0.0,0.0,0.6944444444444444
mcp_prior_plus20,101,heatwave,11.805555555555555,0.0,0.0,0.0
mcp_prior_plus20,101,overproduction,9.027777777777777,0.0,0.0,0.0
mcp_prior_plus20,101,cyber_outage,8.333333333333332,0.0,0.0,0.0
mcp_prior_plus20,101,adaptive_pricing,12.5,0.0,0.0,0.3472222222222222
mcp_prior_plus20,101,baseline,14.930555555555555,0.0,0.0,0.3472222222222222
mcp_prior_plus20,202,heatwave,15.625,0.0,0.0,1.0416666666666665
mcp_prior_plus20,202,overproduction,13.541666666666666,0.0,0.0,0.6944444444444444
mcp_prior_plus20,202,cyber_outage,13.541666666666666,0.0,0.0,0.0
mcp_prior_plus20,202,adaptive_pricing,15.625,0.0,0.0,1.0416666666666665
mcp_prior_plus20,202,baseline,18.055555555555554,0.0,0.0,0.6944444444444444
mcp_prior_plus20,303,heatwave,13.541666666666666,0.0,0.0,0.0
mcp_prior_plus20,303,overproduction,13.194444444444445,0.0,0.0,0.3472222222222222
mcp_prior_plus20,303,cyber_outage,11.458333333333332,0.0,0.0,0.0
mcp_prior_plus20,303,adaptive_pricing,16.319444444444446,0.0,0.0,0.6944444444444444
mcp_prior_plus20,303,baseline,16.319444444444446,0.0,0.0,0.3472222222222222
mcp_prior_plus20,404,heatwave,15.625,0.0,0.0,0.6944444444444444
mcp_prior_plus20,404,overproduction,15.972222222222221,0.0,0.0,0.3472222222222222
mcp_prior_plus20,404,cyber_outage,14.930555555555555,0.0,0.0,0.0
mcp_prior_plus20,404,adaptive_pricing,15.625,0.0,0.0,0.6944444444444444
mcp_prior_plus20,404,baseline,16.319444444444446,0.0,0.0,0.3472222222222222
mcp_prior_plus20,505,heatwave,13.194444444444445,0.0,0.0,1.3888888888888888
mcp_prior_plus20,505,overproduction,12.847222222222221,0.0,0.0,0.0
mcp_prior_plus20,505,cyber_outage,9.722222222222223,0.0,0.0,0.0
mcp_prior_plus20,505,adaptive_pricing,15.625,0.0,0.0,1.0416666666666665
mcp_prior_plus20,505,baseline,15.277777777777779,0.0,0.0,0.6944444444444444
mcp_prior_plus20,606,heatwave,11.458333333333332,0.0,0.0,0.3472222222222222
mcp_prior_plus20,606,overproduction,13.541666666666666,0.0,0.0,0.3472222222222222
mcp_prior_plus20,606,cyber_outage,11.458333333333332,0.0,0.0,0.0
mcp_prior_plus20,606,adaptive_pricing,15.625,0.0,0.0,0.3472222222222222
mcp_prior_plus20,606,baseline,18.055555555555554,0.0,0.0,1.0416666666666665
mcp_prior_plus20,707,heatwave,11.805555555555555,0.0,0.0,0.6944444444444444
mcp_prior_plus20,707,overproduction,20.13888888888889,0.0,0.0,1.3888888888888888
mcp_prior_plus20,707,cyber_outage,12.5,0.0,0.0,0.3472222222222222
mcp_prior_plus20,707,adaptive_pricing,15.972222222222221,0.0,0.0,0.6944444444444444
mcp_prior_plus20,707,baseline,15.972222222222221,0.0,0.0,0.6944444444444444
mcp_prior_plus20,808,heatwave,11.11111111111111,0.0,0.0,0.3472222222222222
mcp_prior_plus20,808,overproduction,7.986111111111111,0.0,0.0,0.0
mcp_prior_plus20,808,cyber_outage,7.986111111111111,0.0,0.0,0.0
mcp_prior_plus20,808,adaptive_pricing,11.458333333333332,0.0,0.0,0.3472222222222222
mcp_prior_plus20,808,baseline,15.625,0.0,0.0,0.0
mcp_prior_plus20,909,heatwave,14.930555555555555,0.0,0.0,0.3472222222222222
mcp_prior_plus20,909,overproduction,5.902777777777778,0.0,0.0,0.0
mcp_prior_plus20,909,cyber_outage,11.458333333333332,0.0,0.0,0.0
mcp_prior_plus20,909,adaptive_pricing,12.152777777777777,0.0,0.0,0.0
mcp_prior_plus20,909,baseline,6.597222222222222,0.0,0.0,0.0
mcp_prior_plus20,1010,heatwave,12.5,0.0,0.0,0.3472222222222222
mcp_prior_plus20,1010,overproduction,13.194444444444445,0.0,0.0,0.0
mcp_prior_plus20,1010,cyber_outage,10.069444444444445,0.0,0.0,0.0
mcp_prior_plus20,1010,adaptive_pricing,15.277777777777779,0.0,0.0,0.0
mcp_prior_plus20,1010,baseline,10.76388888888889,0.0,0.0,0.0
mcp_prior_plus20,1111,heatwave,13.194444444444445,0.0,0.0,0.6944444444444444
mcp_prior_plus20,1111,overproduction,18.75,0.0,0.0,1.3888888888888888
mcp_prior_plus20,1111,cyber_outage,11.458333333333332,0.0,0.0,0.3472222222222222
mcp_prior_plus20,1111,adaptive_pricing,15.972222222222221,0.0,0.0,0.3472222222222222
mcp_prior_plus20,1111,baseline,17.01388888888889,0.0,0.0,0.3472222222222222
mcp_prior_plus20,1212,heatwave,10.069444444444445,0.0,0.0,0.0
mcp_prior_plus20,1212,overproduction,11.11111111111111,0.0,0.0,0.6944444444444444
mcp_prior_plus20,1212,cyber_outage,6.944444444444445,0.0,0.0,0.0
mcp_prior_plus20,1212,adaptive_pricing,12.847222222222221,0.0,0.0,0.3472222222222222
mcp_prior_plus20,1212,baseline,18.055555555555554,0.0,0.0,0.0
mcp_prior_plus20,1313,heatwave,16.666666666666664,0.0,0.0,0.3472222222222222
mcp_prior_plus20,1313,overproduction,17.36111111111111,0.0,0.0,0.3472222222222222
mcp_prior_plus20,1313,cyber_outage,12.5,0.0,0.0,0.3472222222222222
mcp_prior_plus20,1313,adaptive_pricing,8.333333333333332,0.0,0.0,0.0
mcp_prior_plus20,1313,baseline,18.75,0.0,0.0,0.3472222222222222
mcp_prior_plus20,1414,heatwave,10.416666666666668,0.0,0.0,1.0416666666666665
mcp_prior_plus20,1414,overproduction,9.375,0.0,0.0,0.0
mcp_prior_plus20,1414,cyber_outage,10.416666666666668,0.0,0.0,0.0
mcp_prior_plus20,1414,adaptive_pricing,10.76388888888889,0.0,0.0,0.0
mcp_prior_plus20,1414,baseline,13.541666666666666,0.0,0.0,0.6944444444444444
mcp_prior_plus20,1515,heatwave,13.194444444444445,0.0,0.0,0.6944444444444444
mcp_prior_plus20,1515,overproduction,13.541666666666666,0.0,0.0,0.3472222222222222
mcp_prior_plus20,1515,cyber_outage,12.152777777777777,0.0,0.0,0.3472222222222222
mcp_prior_plus20,1515,adaptive_pricing,14.583333333333334,0.0,0.0,0.3472222222222222
mcp_prior_plus20,1515,baseline,18.40277777777778,0.0,0.0,0.6944444444444444
retrieval_prior_minus20,42,heatwave,12.847222222222221,0.0,0.0,0.6944444444444444
retrieval_prior_minus20,42,overproduction,10.76388888888889,0.0,0.0,0.6944444444444444
retrieval_prior_minus20,42,cyber_outage,11.11111111111111,0.0,0.0,0.3472222222222222
retrieval_prior_minus20,42,adaptive_pricing,14.23611111111111,0.0,0.0,1.0416666666666665
retrieval_prior_minus20,42,baseline,10.76388888888889,0.0,0.0,1.3888888888888888
retrieval_prior_minus20,1337,heatwave,11.805555555555555,0.0,0.0,1.3888888888888888
retrieval_prior_minus20,1337,overproduction,10.76388888888889,0.0,0.0,0.3472222222222222
retrieval_prior_minus20,1337,cyber_outage,9.722222222222223,0.0,0.0,1.3888888888888888
retrieval_prior_minus20,1337,adaptive_pricing,11.805555555555555,0.0,0.0,1.7361111111111112
retrieval_prior_minus20,1337,baseline,11.458333333333332,0.0,0.0,1.0416666666666665
retrieval_prior_minus20,2024,heatwave,14.583333333333334,0.0,0.0,2.430555555555556
retrieval_prior_minus20,2024,overproduction,14.583333333333334,0.0,0.0,1.7361111111111112
retrieval_prior_minus20,2024,cyber_outage,10.416666666666668,0.0,0.0,1.0416666666666665
retrieval_prior_minus20,2024,adaptive_pricing,11.11111111111111,0.0,0.0,1.7361111111111112
retrieval_prior_minus20,2024,baseline,14.23611111111111,0.0,0.0,1.3888888888888888
retrieval_prior_minus20,7,heatwave,7.986111111111111,0.0,0.0,1.0416666666666665
retrieval_prior_minus20,7,overproduction,10.069444444444445,0.0,0.0,0.6944444444444444
retrieval_prior_minus20,7,cyber_outage,8.680555555555555,0.0,0.0,0.3472222222222222
retrieval_prior_minus20,7,adaptive_pricing,9.722222222222223,0.0,0.0,0.3472222222222222
retrieval_prior_minus20,7,baseline,12.847222222222221,0.0,0.0,2.083333333333333
retrieval_prior_minus20,99,heatwave,13.88888888888889,0.0,0.0,1.3888888888888888
retrieval_prior_minus20,99,overproduction,10.76388888888889,0.0,0.0,1.7361111111111112
retrieval_prior_minus20,99,cyber_outage,10.069444444444445,0.0,0.0,1.0416666666666665
retrieval_prior_minus20,99,adaptive_pricing,15.277777777777779,0.0,0.0,3.125
retrieval_prior_minus20,99,baseline,14.930555555555555,0.0,0.0,1.0416666666666665
retrieval_prior_minus20,101,heatwave,11.458333333333332,0.0,0.0,0.3472222222222222
retrieval_prior_minus20,101,overproduction,8.333333333333332,0.0,0.0,0.6944444444444444
retrieval_prior_minus20,101,cyber_outage,7.638888888888889,0.0,0.0,0.6944444444444444
retrieval_prior_minus20,101,adaptive_pricing,10.76388888888889,0.0,0.0,1.3888888888888888
retrieval_prior_minus20,101,baseline,14.23611111111111,0.0,0.0,0.3472222222222222
retrieval_prior_minus20,202,heatwave,13.88888888888889,0.0,0.0,0.6944444444444444
retrieval_prior_minus20,202,overproduction,12.152777777777777,0.0,0.0,0.6944444444444444
retrieval_prior_minus20,202,cyber_outage,12.152777777777777,0.0,0.0,1.3888888888888888
retrieval_prior_minus20,202,adaptive_pricing,14.23611111111111,0.0,0.0,0.3472222222222222
retrieval_prior_minus20,202,baseline,15.625,0.0,0.0,1.7361111111111112
retrieval_prior_minus20,303,heatwave,13.194444444444445,0.0,0.0,0.3472222222222222
retrieval_prior_minus20,303,overproduction,12.152777777777777,0.0,0.0,0.6944444444444444
retrieval_prior_minus20,303,cyber_outage,10.416666666666668,0.0,0.0,1.0416666666666665
retrieval_prior_minus20,303,adaptive_pricing,14.583333333333334,0.0,0.0,1.0416666666666665
retrieval_prior_minus20,303,baseline,14.930555555555555,0.0,0.0,1.0416666666666665
retrieval_prior_minus20,404,heatwave,13.88888888888889,0.0,0.0,1.0416666666666665
retrieval_prior_minus20,404,overproduction,14.23611111111111,0.0,0.0,1.3888888888888888
retrieval_prior_minus20,404,cyber_outage,13.88888888888889,0.0,0.0,1.0416666666666665
retrieval_prior_minus20,404,adaptive_pricing,12.5,0.0,0.0,2.430555555555556
retrieval_prior_minus20,404,baseline,14.583333333333334,0.0,0.0,1.3888888888888888
retrieval_prior_minus20,505,heatwave,10.416666666666668,0.0,0.0,1.3888888888888888
retrieval_prior_minus20,505,overproduction,12.5,0.0,0.0,0.3472222222222222
retrieval_prior_minus20,505,cyber_outage,9.027777777777777,0.0,0.0,0.6944444444444444
retrieval_prior_minus20,505,adaptive_pricing,13.194444444444445,0.0,0.0,1.3888888888888888
retrieval_prior_minus20,505,baseline,13.541666666666666,0.0,0.0,1.0416666666666665
retrieval_prior_minus20,606,heatwave,10.416666666666668,0.0,0.0,0.6944444444444444
retrieval_prior_minus20,606,overproduction,10.416666666666668,0.0,0.0,2.7777777777777777
retrieval_prior_minus20,606,cyber_outage,10.416666666666668,0.0,0.0,1.0416666666666665
retrieval_prior_minus20,606,adaptive_pricing,13.88888888888889,0.0,0.0,1.3888888888888888
retrieval_prior_minus20,606,baseline,17.01388888888889,0.0,0.0,0.0
retrieval_prior_minus20,707,heatwave,9.722222222222223,0.0,0.0,1.3888888888888888
retrieval_prior_minus20,707,overproduction,18.055555555555554,0.0,0.0,0.6944444444444444
retrieval_prior_minus20,707,cyber_outage,11.11111111111111,0.0,0.0,1.0416666666666665
retrieval_prior_minus20,707,adaptive_pricing,13.194444444444445,0.0,0.0,2.083333333333333
retrieval_prior_minus20,707,baseline,13.88888888888889,0.0,0.0,2.083333333333333
retrieval_prior_minus20,808,heatwave,10.76388888888889,0.0,0.0,0.0
retrieval_prior_minus20,808,overproduction,7.291666666666667,0.0,0.0,0.6944444444444444
retrieval_prior_minus20,808,cyber_outage,7.291666666666667,0.0,0.0,0.6944444444444444
retrieval_prior_minus20,808,adaptive_pricing,9.027777777777777,0.0,0.0,2.083333333333333
retrieval_prior_minus20,808,baseline,14.583333333333334,0.0,0.0,1.0416666666666665
retrieval_prior_minus20,909,heatwave,13.194444444444445,0.0,0.0,1.3888888888888888
retrieval_prior_minus20,909,overproduction,5.555555555555555,0.0,0.0,0.3472222222222222
retrieval_prior_minus20,909,cyber_outage,10.069444444444445,0.0,0.0,1.3888888888888888
retrieval_prior_minus20,909,adaptive_pricing,11.11111111111111,0.0,0.0,1.0416666666666665
retrieval_prior_minus20,909,baseline,5.902777777777778,0.0,0.0,0.6944444444444444
retrieval_prior_minus20,1010,heatwave,11.458333333333332,0.0,0.0,0.6944444444444444
retrieval_prior_minus20,1010,overproduction,11.805555555555555,0.0,0.0,1.3888888888888888
retrieval_prior_minus20,1010,cyber_outage,9.375,0.0,0.0,0.6944444444444444
retrieval_prior_minus20,1010,adaptive_pricing,13.88888888888889,0.0,0.0,1.3888888888888888
retrieval_prior_minus20,1010,baseline,9.027777777777777,0.0,0.0,1.7361111111111112
retrieval_prior_minus20,1111,heatwave,11.805555555555555,0.0,0.0,0.6944444444444444
retrieval_prior_minus20,1111,overproduction,15.972222222222221,0.0,0.0,1.3888888888888888
retrieval_prior_minus20,1111,cyber_outage,10.416666666666668,0.0,0.0,0.6944444444444444
retrieval_prior_minus20,1111,adaptive_pricing,14.583333333333334,0.0,0.0,1.0416666666666665
retrieval_prior_minus20,1111,baseline,14.583333333333334,0.0,0.0,2.083333333333333
retrieval_prior_minus20,1212,heatwave,9.027777777777777,0.0,0.0,1.0416666666666665
retrieval_prior_minus20,1212,overproduction,9.027777777777777,0.0,0.0,1.3888888888888888
retrieval_prior_minus20,1212,cyber_outage,6.597222222222222,0.0,0.0,0.3472222222222222
retrieval_prior_minus20,1212,adaptive_pricing,11.458333333333332,0.0,0.0,1.0416666666666665
retrieval_prior_minus20,1212,baseline,15.972222222222221,0.0,0.0,2.083333333333333
retrieval_prior_minus20,1313,heatwave,15.625,0.0,0.0,0.6944444444444444
retrieval_prior_minus20,1313,overproduction,16.666666666666664,0.0,0.0,1.0416666666666665
retrieval_prior_minus20,1313,cyber_outage,11.458333333333332,0.0,0.0,0.6944444444444444
retrieval_prior_minus20,1313,adaptive_pricing,7.986111111111111,0.0,0.0,0.3472222222222222
retrieval_prior_minus20,1313,baseline,17.36111111111111,0.0,0.0,1.0416666666666665
retrieval_prior_minus20,1414,heatwave,8.680555555555555,0.0,0.0,0.6944444444444444
retrieval_prior_minus20,1414,overproduction,9.027777777777777,0.0,0.0,0.3472222222222222
retrieval_prior_minus20,1414,cyber_outage,9.375,0.0,0.0,1.0416666666666665
retrieval_prior_minus20,1414,adaptive_pricing,10.416666666666668,0.0,0.0,0.3472222222222222
retrieval_prior_minus20,1414,baseline,12.5,0.0,0.0,0.3472222222222222
retrieval_prior_minus20,1515,heatwave,11.458333333333332,0.0,0.0,1.0416666666666665
retrieval_prior_minus20,1515,overproduction,12.5,0.0,0.0,0.6944444444444444
retrieval_prior_minus20,1515,cyber_outage,10.416666666666668,0.0,0.0,1.3888888888888888
retrieval_prior_minus20,1515,adaptive_pricing,13.541666666666666,0.0,0.0,0.6944444444444444
retrieval_prior_minus20,1515,baseline,17.01388888888889,0.0,0.0,0.6944444444444444
retrieval_prior_plus20,42,heatwave,14.23611111111111,0.0,0.0,1.3888888888888888
retrieval_prior_plus20,42,overproduction,11.805555555555555,0.0,0.0,0.3472222222222222
retrieval_prior_plus20,42,cyber_outage,12.152777777777777,0.0,0.0,0.6944444444444444
retrieval_prior_plus20,42,adaptive_pricing,16.666666666666664,0.0,0.0,1.3888888888888888
retrieval_prior_plus20,42,baseline,13.541666666666666,0.0,0.0,1.3888888888888888
retrieval_prior_plus20,1337,heatwave,13.88888888888889,0.0,0.0,1.3888888888888888
retrieval_prior_plus20,1337,overproduction,11.458333333333332,0.0,0.0,0.3472222222222222
retrieval_prior_plus20,1337,cyber_outage,12.152777777777777,0.0,0.0,1.0416666666666665
retrieval_prior_plus20,1337,adaptive_pricing,13.88888888888889,0.0,0.0,0.3472222222222222
retrieval_prior_plus20,1337,baseline,15.277777777777779,0.0,0.0,2.7777777777777777
retrieval_prior_plus20,2024,heatwave,17.36111111111111,0.0,0.0,0.3472222222222222
retrieval_prior_plus20,2024,overproduction,17.36111111111111,0.0,0.0,1.0416666666666665
retrieval_prior_plus20,2024,cyber_outage,11.805555555555555,0.0,0.0,0.3472222222222222
retrieval_prior_plus20,2024,adaptive_pricing,14.23611111111111,0.0,0.0,1.3888888888888888
retrieval_prior_plus20,2024,baseline,17.708333333333336,0.0,0.0,2.083333333333333
retrieval_prior_plus20,7,heatwave,10.069444444444445,0.0,0.0,1.0416666666666665
retrieval_prior_plus20,7,overproduction,11.458333333333332,0.0,0.0,0.6944444444444444
retrieval_prior_plus20,7,cyber_outage,10.069444444444445,0.0,0.0,1.0416666666666665
retrieval_prior_plus20,7,adaptive_pricing,10.76388888888889,0.0,0.0,0.6944444444444444
retrieval_prior_plus20,7,baseline,15.972222222222221,0.0,0.0,1.0416666666666665
retrieval_prior_plus20,99,heatwave,15.625,0.0,0.0,0.3472222222222222
retrieval_prior_plus20,99,overproduction,13.88888888888889,0.0,0.0,1.3888888888888888
retrieval_prior_plus20,99,cyber_outage,11.458333333333332,0.0,0.0,0.3472222222222222
retrieval_prior_plus20,99,adaptive_pricing,19.791666666666664,0.0,0.0,1.3888888888888888
retrieval_prior_plus20,99,baseline,18.75,0.0,0.0,2.7777777777777777
retrieval_prior_plus20,101,heatwave,12.847222222222221,0.0,0.0,1.0416666666666665
retrieval_prior_plus20,101,overproduction,9.027777777777777,0.0,0.0,0.0
retrieval_prior_plus20,101,cyber_outage,9.375,0.0,0.0,1.0416666666666665
retrieval_prior_plus20,101,adaptive_pricing,13.194444444444445,0.0,0.0,1.0416666666666665
retrieval_prior_plus20,101,baseline,16.319444444444446,0.0,0.0,1.7361111111111112
retrieval_prior_plus20,202,heatwave,16.319444444444446,0.0,0.0,1.7361111111111112
retrieval_prior_plus20,202,overproduction,13.88888888888889,0.0,0.0,1.0416666666666665
retrieval_prior_plus20,202,cyber_outage,14.583333333333334,0.0,0.0,1.0416666666666665
retrieval_prior_plus20,202,adaptive_pricing,16.319444444444446,0.0,0.0,1.7361111111111112
retrieval_prior_plus20,202,baseline,19.791666666666664,0.0,0.0,2.430555555555556
retrieval_prior_plus20,303,heatwave,14.23611111111111,0.0,0.0,0.6944444444444444
retrieval_prior_plus20,303,overproduction,13.541666666666666,0.0,0.0,0.6944444444444444
retrieval_prior_plus20,303,cyber_outage,13.194444444444445,0.0,0.0,1.7361111111111112
retrieval_prior_plus20,303,adaptive_pricing,17.01388888888889,0.0,0.0,1.3888888888888888
retrieval_prior_plus20,303,baseline,17.708333333333336,0.0,0.0,1.7361111111111112
retrieval_prior_plus20,404,heatwave,16.666666666666664,0.0,0.0,1.7361111111111112
retrieval_prior_plus20,404,overproduction,16.319444444444446,0.0,0.0,0.6944444444444444
retrieval_prior_plus20,404,cyber_outage,15.277777777777779,0.0,0.0,0.3472222222222222
retrieval_prior_plus20,404,adaptive_pricing,15.972222222222221,0.0,0.0,1.0416666666666665
retrieval_prior_plus20,404,baseline,15.972222222222221,0.0,0.0,0.0
retrieval_prior_plus20,505,heatwave,13.541666666666666,0.0,0.0,1.7361111111111112
retrieval_prior_plus20,505,overproduction,13.541666666666666,0.0,0.0,0.6944444444444444
retrieval_prior_plus20,505,cyber_outage,10.76388888888889,0.0,0.0,1.0416666666666665
retrieval_prior_plus20,505,adaptive_pricing,17.01388888888889,0.0,0.0,2.430555555555556
retrieval_prior_plus20,505,baseline,15.972222222222221,0.0,0.0,1.3888888888888888
retrieval_prior_plus20,606,heatwave,12.152777777777777,0.0,0.0,1.0416666666666665
retrieval_prior_plus20,606,overproduction,13.88888888888889,0.0,0.0,0.6944444444444444
retrieval_prior_plus20,606,cyber_outage,11.805555555555555,0.0,0.0,0.3472222222222222
retrieval_prior_plus20,606,adaptive_pricing,17.01388888888889,0.0,0.0,1.7361111111111112
retrieval_prior_plus20,606,baseline,18.40277777777778,0.0,0.0,1.3888888888888888
retrieval_prior_plus20,707,heatwave,11.458333333333332,0.0,0.0,0.3472222222222222
retrieval_prior_plus20,707,overproduction,20.48611111111111,0.0,0.0,1.7361111111111112
retrieval_prior_plus20,707,cyber_outage,13.541666666666666,0.0,0.0,1.3888888888888888
retrieval_prior_plus20,707,adaptive_pricing,17.36111111111111,0.0,0.0,2.083333333333333
retrieval_prior_plus20,707,baseline,17.36111111111111,0.0,0.0,2.083333333333333
retrieval_prior_plus20,808,heatwave,12.5,0.0,0.0,1.7361111111111112
retrieval_prior_plus20,808,overproduction,8.680555555555555,0.0,0.0,0.6944444444444444
retrieval_prior_plus20,808,cyber_outage,9.027777777777777,0.0,0.0,1.0416666666666665
retrieval_prior_plus20,808,adaptive_pricing,12.847222222222221,0.0,0.0,1.7361111111111112
retrieval_prior_plus20,808,baseline,15.972222222222221,0.0,0.0,0.3472222222222222
retrieval_prior_plus20,909,heatwave,14.930555555555555,0.0,0.0,0.3472222222222222
retrieval_prior_plus20,909,overproduction,6.597222222222222,0.0,0.0,0.6944444444444444
retrieval_prior_plus20,909,cyber_outage,12.152777777777777,0.0,0.0,0.6944444444444444
retrieval_prior_plus20,909,adaptive_pricing,13.194444444444445,0.0,0.0,1.0416666666666665
retrieval_prior_plus20,909,baseline,7.291666666666667,0.0,0.0,0.6944444444444444
retrieval_prior_plus20,1010,heatwave,13.194444444444445,0.0,0.0,1.0416666666666665
retrieval_prior_plus20,1010,overproduction,14.583333333333334,0.0,0.0,1.3888888888888888
retrieval_prior_plus20,1010,cyber_outage,11.458333333333332,0.0,0.0,1.3888888888888888
retrieval_prior_plus20,1010,adaptive_pricing,16.666666666666664,0.0,0.0,1.3888888888888888
retrieval_prior_plus20,1010,baseline,10.76388888888889,0.0,0.0,0.0
retrieval_prior_plus20,1111,heatwave,13.194444444444445,0.0,0.0,0.6944444444444444
retrieval_prior_plus20,1111,overproduction,18.75,0.0,0.0,1.3888888888888888
retrieval_prior_plus20,1111,cyber_outage,12.152777777777777,0.0,0.0,1.0416666666666665
retrieval_prior_plus20,1111,adaptive_pricing,16.666666666666664,0.0,0.0,1.0416666666666665
retrieval_prior_plus20,1111,baseline,17.708333333333336,0.0,0.0,1.0416666666666665
retrieval_prior_plus20,1212,heatwave,10.416666666666668,0.0,0.0,0.3472222222222222
retrieval_prior_plus20,1212,overproduction,11.11111111111111,0.0,0.0,0.6944444444444444
retrieval_prior_plus20,1212,cyber_outage,7.986111111111111,0.0,0.0,1.0416666666666665
retrieval_prior_plus20,1212,adaptive_pricing,13.541666666666666,0.0,0.0,1.0416666666666665
retrieval_prior_plus20,1212,baseline,18.40277777777778,0.0,0.0,0.3472222222222222
retrieval_prior_plus20,1313,heatwave,17.01388888888889,0.0,0.0,0.6944444444444444
retrieval_prior_plus20,1313,overproduction,17.36111111111111,0.0,0.0,0.3472222222222222
retrieval_prior_plus20,1313,cyber_outage,13.194444444444445,0.0,0.0,1.0416666666666665
retrieval_prior_plus20,1313,adaptive_pricing,9.027777777777777,0.0,0.0,0.6944444444444444
retrieval_prior_plus20,1313,baseline,20.833333333333336,0.0,0.0,2.430555555555556
retrieval_prior_plus20,1414,heatwave,10.76388888888889,0.0,0.0,1.3888888888888888
retrieval_prior_plus20,1414,overproduction,9.722222222222223,0.0,0.0,0.3472222222222222
retrieval_prior_plus20,1414,cyber_outage,11.11111111111111,0.0,0.0,0.6944444444444444
retrieval_prior_plus20,1414,adaptive_pricing,12.5,0.0,0.0,1.7361111111111112
retrieval_prior_plus20,1414,baseline,14.23611111111111,0.0,0.0,1.3888888888888888
retrieval_prior_plus20,1515,heatwave,14.23611111111111,0.0,0.0,1.7361111111111112
retrieval_prior_plus20,1515,overproduction,13.88888888888889,0.0,0.0,0.6944444444444444
retrieval_prior_plus20,1515,cyber_outage,12.152777777777777,0.0,0.0,0.3472222222222222
retrieval_prior_plus20,1515,adaptive_pricing,15.277777777777779,0.0,0.0,1.0416666666666665
retrieval_prior_plus20,1515,baseline,18.75,0.0,0.0,1.0416666666666665
w_c_minus20,42,heatwave,13.541666666666666,0.0,0.0,0.0
w_c_minus20,42,overproduction,11.458333333333332,0.0,0.0,0.0
w_c_minus20,42,cyber_outage,11.458333333333332,0.0,0.0,0.0
w_c_minus20,42,adaptive_pricing,15.277777777777779,0.0,0.0,0.0
w_c_minus20,42,baseline,12.152777777777777,0.0,0.0,0.0
w_c_minus20,1337,heatwave,13.194444444444445,0.0,0.0,0.0
w_c_minus20,1337,overproduction,11.11111111111111,0.0,0.0,0.0
w_c_minus20,1337,cyber_outage,11.11111111111111,0.0,0.0,0.0
w_c_minus20,1337,adaptive_pricing,13.541666666666666,0.0,0.0,0.0
w_c_minus20,1337,baseline,12.5,0.0,0.0,0.0
w_c_minus20,2024,heatwave,17.01388888888889,0.0,0.0,0.0
w_c_minus20,2024,overproduction,16.319444444444446,0.0,0.0,0.0
w_c_minus20,2024,cyber_outage,11.458333333333332,0.0,0.0,0.0
w_c_minus20,2024,adaptive_pricing,12.847222222222221,0.0,0.0,0.0
w_c_minus20,2024,baseline,15.625,0.0,0.0,0.0
w_c_minus20,7,heatwave,9.027777777777777,0.0,0.0,0.0
w_c_minus20,7,overproduction,10.76388888888889,0.0,0.0,0.0
w_c_minus20,7,cyber_outage,9.027777777777777,0.0,0.0,0.0
w_c_minus20,7,adaptive_pricing,10.416666666666668,0.0,0.0,0.3472222222222222
w_c_minus20,7,baseline,14.583333333333334,0.0,0.3472222222222222,0.0
w_c_minus20,99,heatwave,15.277777777777779,0.0,0.0,0.0
w_c_minus20,99,overproduction,12.5,0.0,0.0,0.0
w_c_minus20,99,cyber_outage,11.11111111111111,0.0,0.0,0.0
w_c_minus20,99,adaptive_pricing,18.40277777777778,0.0,0.0,0.0
w_c_minus20,99,baseline,15.972222222222221,0.0,0.0,0.0
w_c_minus20,101,heatwave,11.805555555555555,0.0,0.0,0.0
w_c_minus20,101,overproduction,9.027777777777777,0.0,0.0,0.0
w_c_minus20,101,cyber_outage,8.333333333333332,0.0,0.0,0.0
w_c_minus20,101,adaptive_pricing,12.152777777777777,0.0,0.0,0.0
w_c_minus20,101,baseline,14.583333333333334,0.0,0.0,0.0
w_c_minus20,202,heatwave,14.583333333333334,0.0,0.0,0.0
w_c_minus20,202,overproduction,12.847222222222221,0.0,0.0,0.0
w_c_minus20,202,cyber_outage,13.541666666666666,0.0,0.0,0.0
w_c_minus20,202,adaptive_pricing,14.583333333333334,0.0,0.0,0.0
w_c_minus20,202,baseline,17.36111111111111,0.0,0.0,0.0
w_c_minus20,303,heatwave,13.541666666666666,0.0,0.0,0.0
w_c_minus20,303,overproduction,12.847222222222221,0.0,0.0,0.0
w_c_minus20,303,cyber_outage,11.458333333333332,0.0,0.0,0.0
w_c_minus20,303,adaptive_pricing,15.625,0.0,0.0,0.0
w_c_minus20,303,baseline,16.319444444444446,0.0,0.3472222222222222,0.0
w_c_minus20,404,heatwave,14.930555555555555,0.0,0.0,0.0
w_c_minus20,404,overproduction,15.625,0.0,0.0,0.0
w_c_minus20,404,cyber_outage,14.930555555555555,0.0,0.0,0.0
w_c_minus20,404,adaptive_pricing,14.930555555555555,0.0,0.0,0.0
w_c_minus20,404,baseline,15.972222222222221,0.0,0.0,0.0
w_c_minus20,505,heatwave,11.805555555555555,0.0,0.0,0.0
w_c_minus20,505,overproduction,12.847222222222221,0.0,0.0,0.0
w_c_minus20,505,cyber_outage,9.722222222222223,0.0,0.0,0.0
w_c_minus20,505,adaptive_pricing,14.583333333333334,0.0,0.0,0.0
w_c_minus20,505,baseline,14.583333333333334,0.0,0.0,0.0
w_c_minus20,606,heatwave,10.76388888888889,0.0,0.3472222222222222,0.0
w_c_minus20,606,overproduction,13.194444444444445,0.0,0.0,0.0
w_c_minus20,606,cyber_outage,11.458333333333332,0.0,0.0,0.0
w_c_minus20,606,adaptive_pricing,15.277777777777779,0.0,0.0,0.0
w_c_minus20,606,baseline,17.01388888888889,0.0,0.0,0.0
w_c_minus20,707,heatwave,11.11111111111111,0.0,0.0,0.0
w_c_minus20,707,overproduction,18.75,0.0,0.0,0.0
w_c_minus20,707,cyber_outage,12.152777777777777,0.0,0.0,0.0
w_c_minus20,707,adaptive_pricing,15.277777777777779,0.0,0.0,0.0
w_c_minus20,707,baseline,15.277777777777779,0.0,0.0,0.0
w_c_minus20,808,heatwave,10.76388888888889,0.0,0.0,0.0
w_c_minus20,808,overproduction,7.986111111111111,0.0,0.0,0.0
w_c_minus20,808,cyber_outage,7.986111111111111,0.0,0.0,0.0
w_c_minus20,808,adaptive_pricing,11.11111111111111,0.0,0.0,0.0
w_c_minus20,808,baseline,15.625,0.0,0.0,0.0
w_c_minus20,909,heatwave,14.583333333333334,0.0,0.0,0.0
w_c_minus20,909,overproduction,5.902777777777778,0.0,0.0,0.0
w_c_minus20,909,cyber_outage,11.458333333333332,0.0,0.0,0.0
w_c_minus20,909,adaptive_pricing,12.152777777777777,0.0,0.0,0.0
w_c_minus20,909,baseline,6.597222222222222,0.0,0.0,0.0
w_c_minus20,1010,heatwave,12.152777777777777,0.0,0.0,0.0
w_c_minus20,1010,overproduction,13.194444444444445,0.0,0.0,0.0
w_c_minus20,1010,cyber_outage,10.069444444444445,0.0,0.0,0.0
w_c_minus20,1010,adaptive_pricing,15.277777777777779,0.0,0.0,0.0
w_c_minus20,1010,baseline,10.76388888888889,0.0,0.0,0.0
w_c_minus20,1111,heatwave,12.5,0.0,0.0,0.0
w_c_minus20,1111,overproduction,17.36111111111111,0.0,0.0,0.0
w_c_minus20,1111,cyber_outage,11.11111111111111,0.0,0.0,0.0
w_c_minus20,1111,adaptive_pricing,15.625,0.0,0.0,0.0
w_c_minus20,1111,baseline,16.666666666666664,0.0,0.0,0.0
w_c_minus20,1212,heatwave,10.069444444444445,0.0,0.0,0.0
w_c_minus20,1212,overproduction,10.416666666666668,0.0,0.0,0.0
w_c_minus20,1212,cyber_outage,6.944444444444445,0.0,0.0,0.0
w_c_minus20,1212,adaptive_pricing,12.5,0.0,0.0,0.0
w_c_minus20,1212,baseline,18.055555555555554,0.0,0.0,0.0
w_c_minus20,1313,heatwave,16.319444444444446,0.0,0.0,0.0
w_c_minus20,1313,overproduction,17.36111111111111,0.0,0.0,0.3472222222222222
w_c_minus20,1313,cyber_outage,12.152777777777777,0.0,0.0,0.0
w_c_minus20,1313,adaptive_pricing,7.986111111111111,0.0,0.3472222222222222,0.0
w_c_minus20,1313,baseline,18.40277777777778,0.0,0.0,0.0
w_c_minus20,1414,heatwave,9.375,0.0,0.0,0.0
w_c_minus20,1414,overproduction,9.375,0.0,0.0,0.0
w_c_minus20,1414,cyber_outage,10.416666666666668,0.0,0.0,0.0
w_c_minus20,1414,adaptive_pricing,10.76388888888889,0.0,0.0,0.0
w_c_minus20,1414,baseline,12.847222222222221,0.0,0.0,0.0
w_c_minus20,1515,heatwave,12.5,0.0,0.0,0.0
w_c_minus20,1515,overproduction,13.194444444444445,0.0,0.0,0.0
w_c_minus20,1515,cyber_outage,11.805555555555555,0.0,0.0,0.0
w_c_minus20,1515,adaptive_pricing,14.23611111111111,0.0,0.0,0.0
w_c_minus20,1515,baseline,18.055555555555554,0.0,0.0,0.3472222222222222
w_c_plus20,42,heatwave,13.541666666666666,0.0,0.0,0.0
w_c_plus20,42,overproduction,11.458333333333332,0.0,0.0,0.0
w_c_plus20,42,cyber_outage,11.458333333333332,0.0,0.0,0.0
w_c_plus20,42,adaptive_pricing,15.277777777777779,0.0,0.0,0.0
w_c_plus20,42,baseline,12.152777777777777,0.0,0.0,0.0
w_c_plus20,1337,heatwave,13.194444444444445,0.0,0.0,0.0
w_c_plus20,1337,overproduction,11.11111111111111,0.0,0.0,0.0
w_c_plus20,1337,cyber_outage,11.11111111111111,0.0,0.0,0.0
w_c_plus20,1337,adaptive_pricing,13.541666666666666,0.0,0.0,0.0
w_c_plus20,1337,baseline,12.5,0.0,0.0,0.0
w_c_plus20,2024,heatwave,16.666666666666664,0.0,0.0,0.3472222222222222
w_c_plus20,2024,overproduction,16.319444444444446,0.0,0.0,0.0
w_c_plus20,2024,cyber_outage,11.458333333333332,0.0,0.0,0.0
w_c_plus20,2024,adaptive_pricing,12.847222222222221,0.0,0.0,0.0
w_c_plus20,2024,baseline,15.625,0.0,0.0,0.0
w_c_plus20,7,heatwave,9.027777777777777,0.0,0.0,0.0
w_c_plus20,7,overproduction,10.76388888888889,0.0,0.0,0.0
w_c_plus20,7,cyber_outage,9.027777777777777,0.0,0.0,0.0
w_c_plus20,7,adaptive_pricing,10.069444444444445,0.0,0.0,0.0
w_c_plus20,7,baseline,14.930555555555555,0.0,0.0,0.0
w_c_plus20,99,heatwave,15.277777777777779,0.0,0.0,0.0
w_c_plus20,99,overproduction,12.5,0.0,0.0,0.0
w_c_plus20,99,cyber_outage,11.11111111111111,0.0,0.0,0.0
w_c_plus20,99,adaptive_pricing,18.40277777777778,0.0,0.0,0.0
w_c_plus20,99,baseline,15.625,0.0,0.0,0.3472222222222222
w_c_plus20,101,heatwave,11.805555555555555,0.0,0.0,0.0
w_c_plus20,101,overproduction,9.027777777777777,0.0,0.0,0.0
w_c_plus20,101,cyber_outage,8.333333333333332,0.0,0.0,0.0
w_c_plus20,101,adaptive_pricing,12.152777777777777,0.0,0.0,0.0
w_c_plus20,101,baseline,14.583333333333334,0.0,0.0,0.0
w_c_plus20,202,heatwave,14.930555555555555,0.0,0.3472222222222222,0.0
w_c_plus20,202,overproduction,12.847222222222221,0.0,0.0,0.0
w_c_plus20,202,cyber_outage,13.541666666666666,0.0,0.0,0.0
w_c_plus20,202,adaptive_pricing,14.583333333333334,0.0,0.0,0.0
w_c_plus20,202,baseline,17.36111111111111,0.0,0.0,0.0
w_c_plus20,303,heatwave,13.541666666666666,0.0,0.0,0.0
w_c_plus20,303,overproduction,12.847222222222221,0.0,0.0,0.0
w_c_plus20,303,cyber_outage,11.458333333333332,0.0,0.0,0.0
w_c_plus20,303,adaptive_pricing,15.625,0.0,0.0,0.0
w_c_plus20,303,baseline,15.972222222222221,0.0,0.0,0.0
w_c_plus20,404,heatwave,14.930555555555555,0.0,0.0,0.0
w_c_plus20,404,overproduction,15.625,0.0,0.0,0.0
w_c_plus20,404,cyber_outage,14.930555555555555,0.0,0.0,0.0
w_c_plus20,404,adaptive_pricing,15.277777777777779,0.0,0.3472222222222222,0.0
w_c_plus20,404,baseline,15.972222222222221,0.0,0.0,0.0
w_c_plus20,505,heatwave,11.805555555555555,0.0,0.0,0.0
w_c_plus20,505,overproduction,12.847222222222221,0.0,0.0,0.0
w_c_plus20,505,cyber_outage,9.722222222222223,0.0,0.0,0.0
w_c_plus20,505,adaptive_pricing,14.583333333333334,0.0,0.0,0.0
w_c_plus20,505,baseline,14.583333333333334,0.0,0.0,0.0
w_c_plus20,606,heatwave,11.11111111111111,0.0,0.0,0.0
w_c_plus20,606,overproduction,13.194444444444445,0.0,0.0,0.0
w_c_plus20,606,cyber_outage,11.458333333333332,0.0,0.0,0.0
w_c_plus20,606,adaptive_pricing,15.277777777777779,0.0,0.0,0.0
w_c_plus20,606,baseline,17.01388888888889,0.0,0.0,0.0
w_c_plus20,707,heatwave,11.11111111111111,0.0,0.0,0.0
w_c_plus20,707,overproduction,18.75,0.0,0.0,0.0
w_c_plus20,707,cyber_outage,12.152777777777777,0.0,0.0,0.0
w_c_plus20,707,adaptive_pricing,15.277777777777779,0.0,0.0,0.0
w_c_plus20,707,baseline,15.277777777777779,0.0,0.0,0.0
w_c_plus20,808,heatwave,10.76388888888889,0.0,0.0,0.0
w_c_plus20,808,overproduction,7.986111111111111,0.0,0.0,0.0
w_c_plus20,808,cyber_outage,7.986111111111111,0.0,0.0,0.0
w_c_plus20,808,adaptive_pricing,11.11111111111111,0.0,0.0,0.0
w_c_plus20,808,baseline,15.277777777777779,0.0,0.0,0.3472222222222222
w_c_plus20,909,heatwave,14.583333333333334,0.0,0.0,0.0
w_c_plus20,909,overproduction,5.902777777777778,0.0,0.0,0.0
w_c_plus20,909,cyber_outage,11.458333333333332,0.0,0.0,0.0
w_c_plus20,909,adaptive_pricing,12.152777777777777,0.0,0.0,0.0
w_c_plus20,909,baseline,6.597222222222222,0.0,0.0,0.0
w_c_plus20,1010,heatwave,12.152777777777777,0.0,0.0,0.0
w_c_plus20,1010,overproduction,13.194444444444445,0.0,0.0,0.0
w_c_plus20,1010,cyber_outage,10.069444444444445,0.0,0.0,0.0
w_c_plus20,1010,adaptive_pricing,15.277777777777779,0.0,0.0,0.0
w_c_plus20,1010,baseline,10.76388888888889,0.0,0.0,0.0
w_c_plus20,1111,heatwave,12.5,0.0,0.0,0.0
w_c_plus20,1111,overproduction,17.36111111111111,0.0,0.0,0.0
w_c_plus20,1111,cyber_outage,11.11111111111111,0.0,0.0,0.0
w_c_plus20,1111,adaptive_pricing,15.625,0.0,0.0,0.0
w_c_plus20,1111,baseline,16.666666666666664,0.0,0.0,0.0
w_c_plus20,1212,heatwave,10.069444444444445,0.0,0.0,0.0
w_c_plus20,1212,overproduction,10.416666666666668,0.0,0.0,0.0
w_c_plus20,1212,cyber_outage,6.944444444444445,0.0,0.0,0.0
w_c_plus20,1212,adaptive_pricing,12.847222222222221,0.0,0.3472222222222222,0.0
w_c_plus20,1212,baseline,18.055555555555554,0.0,0.0,0.0
w_c_plus20,1313,heatwave,15.972222222222221,0.0,0.0,0.3472222222222222
w_c_plus20,1313,overproduction,17.01388888888889,0.0,0.0,0.0
w_c_plus20,1313,cyber_outage,12.152777777777777,0.0,0.0,0.0
w_c_plus20,1313,adaptive_pricing,8.333333333333332,0.0,0.0,0.0
w_c_plus20,1313,baseline,18.40277777777778,0.0,0.0,0.0
w_c_plus20,1414,heatwave,9.375,0.0,0.0,0.0
w_c_plus20,1414,overproduction,9.375,0.0,0.0,0.0
w_c_plus20,1414,cyber_outage,10.416666666666668,0.0,0.0,0.0
w_c_plus20,1414,adaptive_pricing,10.76388888888889,0.0,0.0,0.0
w_c_plus20,1414,baseline,12.847222222222221,0.0,0.0,0.0
w_c_plus20,1515,heatwave,12.5,0.0,0.0,0.0
w_c_plus20,1515,overproduction,13.194444444444445,0.0,0.0,0.0
w_c_plus20,1515,cyber_outage,11.805555555555555,0.0,0.0,0.0
w_c_plus20,1515,adaptive_pricing,14.23611111111111,0.0,0.0,0.0
w_c_plus20,1515,baseline,17.708333333333336,0.0,0.0,0.0
w_l_minus20,42,heatwave,13.194444444444445,0.0,0.0,0.3472222222222222
w_l_minus20,42,overproduction,11.458333333333332,0.0,0.0,0.0
w_l_minus20,42,cyber_outage,11.458333333333332,0.0,0.0,0.0
w_l_minus20,42,adaptive_pricing,15.277777777777779,0.0,0.0,0.0
w_l_minus20,42,baseline,12.152777777777777,0.0,0.0,0.0
w_l_minus20,1337,heatwave,13.194444444444445,0.0,0.0,0.0
w_l_minus20,1337,overproduction,11.11111111111111,0.0,0.0,0.0
w_l_minus20,1337,cyber_outage,11.11111111111111,0.0,0.0,0.0
w_l_minus20,1337,adaptive_pricing,13.541666666666666,0.0,0.0,0.0
w_l_minus20,1337,baseline,12.5,0.0,0.0,0.0
w_l_minus20,2024,heatwave,17.01388888888889,0.0,0.0,0.0
w_l_minus20,2024,overproduction,16.319444444444446,0.0,0.0,0.0
w_l_minus20,2024,cyber_outage,11.458333333333332,0.0,0.0,0.0
w_l_minus20,2024,adaptive_pricing,12.847222222222221,0.0,0.0,0.0
w_l_minus20,2024,baseline,15.625,0.0,0.0,0.0
w_l_minus20,7,heatwave,9.027777777777777,0.0,0.0,0.0
w_l_minus20,7,overproduction,11.11111111111111,0.0,0.3472222222222222,0.0
w_l_minus20,7,cyber_outage,9.027777777777777,0.0,0.0,0.0
w_l_minus20,7,adaptive_pricing,10.069444444444445,0.0,0.0,0.0
w_l_minus20,7,baseline,14.930555555555555,0.0,0.0,0.0
w_l_minus20,99,heatwave,15.277777777777779,0.0,0.0,0.0
w_l_minus20,99,overproduction,12.5,0.0,0.0,0.0
w_l_minus20,99,cyber_outage,11.11111111111111,0.0,0.0,0.0
w_l_minus20,99,adaptive_pricing,18.40277777777778,0.0,0.0,0.0
w_l_minus20,99,baseline,15.972222222222221,0.0,0.0,0.0
w_l_minus20,101,heatwave,11.805555555555555,0.0,0.0,0.0
w_l_minus20,101,overproduction,9.027777777777777,0.0,0.0,0.0
w_l_minus20,101,cyber_outage,8.333333333333332,0.0,0.0,0.0
w_l_minus20,101,adaptive_pricing,12.152777777777777,0.0,0.0,0.0
w_l_minus20,101,baseline,14.583333333333334,0.0,0.0,0.0
w_l_minus20,202,heatwave,14.583333333333334,0.0,0.0,0.0
w_l_minus20,202,overproduction,12.847222222222221,0.0,0.0,0.0
w_l_minus20,202,cyber_outage,13.541666666666666,0.0,0.0,0.0
w_l_minus20,202,adaptive_pricing,14.583333333333334,0.0,0.0,0.0
w_l_minus20,202,baseline,17.36111111111111,0.0,0.0,0.0
w_l_minus20,303,heatwave,13.541666666666666,0.0,0.0,0.0
w_l_minus20,303,overproduction,12.847222222222221,0.0,0.0,0.0
w_l_minus20,303,cyber_outage,11.458333333333332,0.0,0.0,0.0
w_l_minus20,303,adaptive_pricing,15.625,0.0,0.0,0.0
w_l_minus20,303,baseline,16.319444444444446,0.0,0.3472222222222222,0.0
w_l_minus20,404,heatwave,14.930555555555555,0.0,0.0,0.0
w_l_minus20,404,overproduction,15.625,0.0,0.0,0.0
w_l_minus20,404,cyber_outage,14.930555555555555,0.0,0.0,0.0
w_l_minus20,404,adaptive_pricing,14.930555555555555,0.0,0.0,0.0
w_l_minus20,404,baseline,15.972222222222221,0.0,0.0,0.0
w_l_minus20,505,heatwave,11.458333333333332,0.0,0.0,0.3472222222222222
w_l_minus20,505,overproduction,12.847222222222221,0.0,0.0,0.0
w_l_minus20,505,cyber_outage,9.722222222222223,0.0,0.0,0.0
w_l_minus20,505,adaptive_pricing,14.583333333333334,0.0,0.0,0.0
w_l_minus20,505,baseline,14.583333333333334,0.0,0.0,0.0
w_l_minus20,606,heatwave,11.11111111111111,0.0,0.0,0.0
w_l_minus20,606,overproduction,13.194444444444445,0.0,0.0,0.0
w_l_minus20,606,cyber_outage,11.458333333333332,0.0,0.0,0.0
w_l_minus20,606,adaptive_pricing,15.277777777777779,0.0,0.0,0.0
w_l_minus20,606,baseline,17.01388888888889,0.0,0.0,0.0
w_l_minus20,707,heatwave,11.11111111111111,0.0,0.0,0.0
w_l_minus20,707,overproduction,18.75,0.0,0.0,0.0
w_l_minus20,707,cyber_outage,12.152777777777777,0.0,0.0,0.0
w_l_minus20,707,adaptive_pricing,15.277777777777779,0.0,0.0,0.0
w_l_minus20,707,baseline,15.277777777777779,0.0,0.0,0.0
w_l_minus20,808,heatwave,10.76388888888889,0.0,0.0,0.0
w_l_minus20,808,overproduction,7.986111111111111,0.0,0.0,0.0
w_l_minus20,808,cyber_outage,7.986111111111111,0.0,0.0,0.0
w_l_minus20,808,adaptive_pricing,11.11111111111111,0.0,0.0,0.0
w_l_minus20,808,baseline,15.625,0.0,0.0,0.0
w_l_minus20,909,heatwave,14.583333333333334,0.0,0.0,0.0
w_l_minus20,909,overproduction,5.902777777777778,0.0,0.0,0.0
w_l_minus20,909,cyber_outage,11.458333333333332,0.0,0.0,0.0
w_l_minus20,909,adaptive_pricing,12.152777777777777,0.0,0.0,0.0
w_l_minus20,909,baseline,6.597222222222222,0.0,0.0,0.0
w_l_minus20,1010,heatwave,12.152777777777777,0.0,0.0,0.0
w_l_minus20,1010,overproduction,13.194444444444445,0.0,0.0,0.0
w_l_minus20,1010,cyber_outage,10.069444444444445,0.0,0.0,0.0
w_l_minus20,1010,adaptive_pricing,15.277777777777779,0.0,0.0,0.0
w_l_minus20,1010,baseline,10.76388888888889,0.0,0.0,0.0
w_l_minus20,1111,heatwave,12.5,0.0,0.0,0.0
w_l_minus20,1111,overproduction,17.36111111111111,0.0,0.0,0.0
w_l_minus20,1111,cyber_outage,11.11111111111111,0.0,0.0,0.0
w_l_minus20,1111,adaptive_pricing,15.625,0.0,0.0,0.0
w_l_minus20,1111,baseline,16.319444444444446,0.0,0.0,0.3472222222222222
w_l_minus20,1212,heatwave,10.069444444444445,0.0,0.0,0.0
w_l_minus20,1212,overproduction,10.416666666666668,0.0,0.0,0.0
w_l_minus20,1212,cyber_outage,6.944444444444445,0.0,0.0,0.0
w_l_minus20,1212,adaptive_pricing,12.5,0.0,0.0,0.0
w_l_minus20,1212,baseline,18.055555555555554,0.0,0.0,0.0
w_l_minus20,1313,heatwave,16.319444444444446,0.0,0.0,0.0
w_l_minus20,1313,overproduction,17.36111111111111,0.0,0.0,0.3472222222222222
w_l_minus20,1313,cyber_outage,12.152777777777777,0.0,0.0,0.0
w_l_minus20,1313,adaptive_pricing,8.333333333333332,0.0,0.0,0.0
w_l_minus20,1313,baseline,18.40277777777778,0.0,0.0,0.0
w_l_minus20,1414,heatwave,9.375,0.0,0.0,0.0
w_l_minus20,1414,overproduction,9.375,0.0,0.0,0.0
w_l_minus20,1414,cyber_outage,10.416666666666668,0.0,0.0,0.0
w_l_minus20,1414,adaptive_pricing,10.76388888888889,0.0,0.0,0.0
w_l_minus20,1414,baseline,12.847222222222221,0.0,0.0,0.0
w_l_minus20,1515,heatwave,12.5,0.0,0.0,0.0
w_l_minus20,1515,overproduction,13.194444444444445,0.0,0.0,0.0
w_l_minus20,1515,cyber_outage,11.805555555555555,0.0,0.0,0.0
w_l_minus20,1515,adaptive_pricing,14.23611111111111,0.0,0.0,0.0
w_l_minus20,1515,baseline,17.708333333333336,0.0,0.0,0.0
w_l_plus20,42,heatwave,13.541666666666666,0.0,0.0,0.0
w_l_plus20,42,overproduction,11.458333333333332,0.0,0.0,0.0
w_l_plus20,42,cyber_outage,11.458333333333332,0.0,0.0,0.0
w_l_plus20,42,adaptive_pricing,15.277777777777779,0.0,0.0,0.0
w_l_plus20,42,baseline,12.152777777777777,0.0,0.0,0.0
w_l_plus20,1337,heatwave,13.194444444444445,0.0,0.0,0.0
w_l_plus20,1337,overproduction,11.11111111111111,0.0,0.0,0.0
w_l_plus20,1337,cyber_outage,11.11111111111111,0.0,0.0,0.0
w_l_plus20,1337,adaptive_pricing,13.541666666666666,0.0,0.0,0.0
w_l_plus20,1337,baseline,12.5,0.0,0.0,0.0
w_l_plus20,2024,heatwave,16.666666666666664,0.0,0.0,0.3472222222222222
w_l_plus20,2024,overproduction,16.319444444444446,0.0,0.0,0.0
w_l_plus20,2024,cyber_outage,11.458333333333332,0.0,0.0,0.0
w_l_plus20,2024,adaptive_pricing,12.847222222222221,0.0,0.0,0.0
w_l_plus20,2024,baseline,15.972222222222221,0.0,0.0,0.3472222222222222
w_l_plus20,7,heatwave,9.027777777777777,0.0,0.0,0.0
w_l_plus20,7,overproduction,10.76388888888889,0.0,0.0,0.0
w_l_plus20,7,cyber_outage,9.027777777777777,0.0,0.0,0.0
w_l_plus20,7,adaptive_pricing,10.069444444444445,0.0,0.0,0.0
w_l_plus20,7,baseline,14.930555555555555,0.0,0.0,0.0
w_l_plus20,99,heatwave,15.277777777777779,0.0,0.0,0.0
w_l_plus20,99,overproduction,12.152777777777777,0.0,0.3472222222222222,0.0
w_l_plus20,99,cyber_outage,11.11111111111111,0.0,0.0,0.0
w_l_plus20,99,adaptive_pricing,18.40277777777778,0.0,0.0,0.0
w_l_plus20,99,baseline,15.972222222222221,0.0,0.0,0.0
w_l_plus20,101,heatwave,11.805555555555555,0.0,0.0,0.0
w_l_plus20,101,overproduction,9.027777777777777,0.0,0.0,0.0
w_l_plus20,101,cyber_outage,8.333333333333332,0.0,0.0,0.0
w_l_plus20,101,adaptive_pricing,12.152777777777777,0.0,0.0,0.0
w_l_plus20,101,baseline,14.583333333333334,0.0,0.0,0.0
w_l_plus20,202,heatwave,14.583333333333334,0.0,0.0,0.0
w_l_plus20,202,overproduction,12.847222222222221,0.0,0.0,0.0
w_l_plus20,202,cyber_outage,13.541666666666666,0.0,0.0,0.0
w_l_plus20,202,adaptive_pricing,14.583333333333334,0.0,0.0,0.0
w_l_plus20,202,baseline,17.36111111111111,0.0,0.0,0.0
w_l_plus20,303,heatwave,13.541666666666666,0.0,0.0,0.0
w_l_plus20,303,overproduction,12.847222222222221,0.0,0.0,0.0
w_l_plus20,303,cyber_outage,11.458333333333332,0.0,0.0,0.0
w_l_plus20,303,adaptive_pricing,15.625,0.0,0.0,0.0
w_l_plus20,303,baseline,16.319444444444446,0.0,0.0,0.3472222222222222
w_l_plus20,404,heatwave,14.583333333333334,0.0,0.3472222222222222,0.0
w_l_plus20,404,overproduction,15.625,0.0,0.0,0.0
w_l_plus20,404,cyber_outage,14.930555555555555,0.0,0.0,0.0
w_l_plus20,404,adaptive_pricing,14.930555555555555,0.0,0.0,0.0
w_l_plus20,404,baseline,15.972222222222221,0.0,0.0,0.0
w_l_plus20,505,heatwave,11.458333333333332,0.0,0.0,0.3472222222222222
w_l_plus20,505,overproduction,12.847222222222221,0.0,0.0,0.0
w_l_plus20,505,cyber_outage,9.722222222222223,0.0,0.0,0.0
w_l_plus20,505,adaptive_pricing,14.583333333333334,0.0,0.0,0.0
w_l_plus20,505,baseline,14.583333333333334,0.0,0.0,0.0
w_l_plus20,606,heatwave,11.11111111111111,0.0,0.0,0.0
w_l_plus20,606,overproduction,13.194444444444445,0.0,0.0,0.0
w_l_plus20,606,cyber_outage,11.458333333333332,0.0,0.0,0.0
w_l_plus20,606,adaptive_pricing,15.277777777777779,0.0,0.0,0.0
w_l_plus20,606,baseline,17.01388888888889,0.0,0.0,0.0
w_l_plus20,707,heatwave,11.11111111111111,0.0,0.0,0.0
w_l_plus20,707,overproduction,18.75,0.0,0.0,0.0
w_l_plus20,707,cyber_outage,12.152777777777777,0.0,0.0,0.0
w_l_plus20,707,adaptive_pricing,15.277777777777779,0.0,0.0,0.0
w_l_plus20,707,baseline,15.277777777777779,0.0,0.0,0.0
w_l_plus20,808,heatwave,10.76388888888889,0.0,0.0,0.0
w_l_plus20,808,overproduction,7.986111111111111,0.0,0.0,0.0
w_l_plus20,808,cyber_outage,7.986111111111111,0.0,0.0,0.0
w_l_plus20,808,adaptive_pricing,11.11111111111111,0.0,0.0,0.0
w_l_plus20,808,baseline,15.625,0.0,0.0,0.0
w_l_plus20,909,heatwave,14.583333333333334,0.0,0.0,0.0
w_l_plus20,909,overproduction,5.902777777777778,0.0,0.0,0.0
w_l_plus20,909,cyber_outage,11.458333333333332,0.0,0.0,0.0
w_l_plus20,909,adaptive_pricing,12.152777777777777,0.0,0.0,0.0
w_l_plus20,909,baseline,6.597222222222222,0.0,0.0,0.0
w_l_plus20,1010,heatwave,12.152777777777777,0.0,0.0,0.0
w_l_plus20,1010,overproduction,13.194444444444445,0.0,0.0,0.0
w_l_plus20,1010,cyber_outage,10.069444444444445,0.0,0.0,0.0
w_l_plus20,1010,adaptive_pricing,15.277777777777779,0.0,0.0,0.0
w_l_plus20,1010,baseline,10.76388888888889,0.0,0.0,0.0
w_l_plus20,1111,heatwave,12.5,0.0,0.0,0.0
w_l_plus20,1111,overproduction,17.36111111111111,0.0,0.0,0.0
w_l_plus20,1111,cyber_outage,11.11111111111111,0.0,0.0,0.0
w_l_plus20,1111,adaptive_pricing,15.625,0.0,0.0,0.0
w_l_plus20,1111,baseline,16.666666666666664,0.0,0.0,0.0
w_l_plus20,1212,heatwave,10.069444444444445,0.0,0.0,0.0
w_l_plus20,1212,overproduction,10.416666666666668,0.0,0.0,0.0
w_l_plus20,1212,cyber_outage,6.944444444444445,0.0,0.0,0.0
w_l_plus20,1212,adaptive_pricing,12.5,0.0,0.0,0.0
w_l_plus20,1212,baseline,18.055555555555554,0.0,0.0,0.0
w_l_plus20,1313,heatwave,15.972222222222221,0.0,0.0,0.3472222222222222
w_l_plus20,1313,overproduction,17.01388888888889,0.0,0.0,0.0
w_l_plus20,1313,cyber_outage,12.152777777777777,0.0,0.0,0.0
w_l_plus20,1313,adaptive_pricing,8.333333333333332,0.0,0.0,0.0
w_l_plus20,1313,baseline,18.40277777777778,0.0,0.0,0.0
w_l_plus20,1414,heatwave,9.375,0.0,0.0,0.0
w_l_plus20,1414,overproduction,9.375,0.0,0.0,0.0
w_l_plus20,1414,cyber_outage,10.416666666666668,0.0,0.0,0.0
w_l_plus20,1414,adaptive_pricing,10.76388888888889,0.0,0.0,0.0
w_l_plus20,1414,baseline,12.847222222222221,0.0,0.0,0.0
w_l_plus20,1515,heatwave,12.5,0.0,0.0,0.0
w_l_plus20,1515,overproduction,13.194444444444445,0.0,0.0,0.0
w_l_plus20,1515,cyber_outage,11.805555555555555,0.0,0.0,0.0
w_l_plus20,1515,adaptive_pricing,14.23611111111111,0.0,0.0,0.0
w_l_plus20,1515,baseline,18.055555555555554,0.0,0.0,0.3472222222222222
w_r_minus20,42,heatwave,13.541666666666666,0.0,0.0,0.0
w_r_minus20,42,overproduction,11.458333333333332,0.0,0.0,0.0
w_r_minus20,42,cyber_outage,11.458333333333332,0.0,0.0,0.0
w_r_minus20,42,adaptive_pricing,15.277777777777779,0.0,0.0,0.0
w_r_minus20,42,baseline,12.152777777777777,0.0,0.0,0.0
w_r_minus20,1337,heatwave,13.194444444444445,0.0,0.0,0.0
w_r_minus20,1337,overproduction,11.11111111111111,0.0,0.0,0.0
w_r_minus20,1337,cyber_outage,11.11111111111111,0.0,0.0,0.0
w_r_minus20,1337,adaptive_pricing,13.541666666666666,0.0,0.0,0.0
w_r_minus20,1337,baseline,12.5,0.0,0.0,0.0
w_r_minus20,2024,heatwave,16.666666666666664,0.0,0.0,0.3472222222222222
w_r_minus20,2024,overproduction,16.319444444444446,0.0,0.0,0.0
w_r_minus20,2024,cyber_outage,11.458333333333332,0.0,0.0,0.0
w_r_minus20,2024,adaptive_pricing,12.847222222222221,0.0,0.0,0.0
w_r_minus20,2024,baseline,15.972222222222221,0.0,0.0,0.3472222222222222
w_r_minus20,7,heatwave,9.027777777777777,0.0,0.0,0.0
w_r_minus20,7,overproduction,10.76388888888889,0.0,0.0,0.0
w_r_minus20,7,cyber_outage,9.027777777777777,0.0,0.0,0.0
w_r_minus20,7,adaptive_pricing,10.069444444444445,0.0,0.0,0.0
w_r_minus20,7,baseline,14.930555555555555,0.0,0.0,0.0
w_r_minus20,99,heatwave,15.277777777777779,0.0,0.0,0.0
w_r_minus20,99,overproduction,12.152777777777777,0.0,0.3472222222222222,0.0
w_r_minus20,99,cyber_outage,11.11111111111111,0.0,0.0,0.0
w_r_minus20,99,adaptive_pricing,18.40277777777778,0.0,0.0,0.0
w_r_minus20,99,baseline,15.625,0.0,0.0,0.3472222222222222
w_r_minus20,101,heatwave,11.805555555555555,0.0,0.0,0.0
w_r_minus20,101,overproduction,9.027777777777777,0.0,0.0,0.0
w_r_minus20,101,cyber_outage,8.333333333333332,0.0,0.0,0.0
w_r_minus20,101,adaptive_pricing,12.152777777777777,0.0,0.0,0.0
w_r_minus20,101,baseline,14.583333333333334,0.0,0.0,0.0
w_r_minus20,202,heatwave,14.930555555555555,0.0,0.3472222222222222,0.0
w_r_minus20,202,overproduction,12.5,0.0,0.3472222222222222,0.0
w_r_minus20,202,cyber_outage,13.541666666666666,0.0,0.0,0.0
w_r_minus20,202,adaptive_pricing,14.583333333333334,0.0,0.0,0.0
w_r_minus20,202,baseline,17.36111111111111,0.0,0.0,0.0
w_r_minus20,303,heatwave,13.541666666666666,0.0,0.0,0.0
w_r_minus20,303,overproduction,12.847222222222221,0.0,0.0,0.0
w_r_minus20,303,cyber_outage,11.805555555555555,0.0,0.0,0.3472222222222222
w_r_minus20,303,adaptive_pricing,15.625,0.0,0.0,0.0
w_r_minus20,303,baseline,16.319444444444446,0.0,0.0,0.3472222222222222
w_r_minus20,404,heatwave,14.583333333333334,0.0,0.3472222222222222,0.0
w_r_minus20,404,overproduction,15.625,0.0,0.0,0.0
w_r_minus20,404,cyber_outage,14.930555555555555,0.0,0.0,0.0
w_r_minus20,404,adaptive_pricing,14.930555555555555,0.0,0.0,0.0
w_r_minus20,404,baseline,15.972222222222221,0.0,0.0,0.0
w_r_minus20,505,heatwave,11.458333333333332,0.0,0.0,0.3472222222222222
w_r_minus20,505,overproduction,12.847222222222221,0.0,0.0,0.0
w_r_minus20,505,cyber_outage,10.069444444444445,0.0,0.3472222222222222,0.0
w_r_minus20,505,adaptive_pricing,14.583333333333334,0.0,0.0,0.0
w_r_minus20,505,baseline,14.583333333333334,0.0,0.0,0.0
w_r_minus20,606,heatwave,11.11111111111111,0.0,0.0,0.0
w_r_minus20,606,overproduction,13.194444444444445,0.0,0.0,0.0
w_r_minus20,606,cyber_outage,11.458333333333332,0.0,0.0,0.0
w_r_minus20,606,adaptive_pricing,15.277777777777779,0.0,0.0,0.0
w_r_minus20,606,baseline,17.01388888888889,0.0,0.0,0.0
w_r_minus20,707,heatwave,11.11111111111111,0.0,0.0,0.0
w_r_minus20,707,overproduction,18.75,0.0,0.0,0.0
w_r_minus20,707,cyber_outage,12.152777777777777,0.0,0.0,0.0
w_r_minus20,707,adaptive_pricing,15.277777777777779,0.0,0.0,0.0
w_r_minus20,707,baseline,15.277777777777779,0.0,0.0,0.0
w_r_minus20,808,heatwave,10.76388888888889,0.0,0.0,0.0
w_r_minus20,808,overproduction,7.986111111111111,0.0,0.0,0.0
w_r_minus20,808,cyber_outage,7.986111111111111,0.0,0.0,0.0
w_r_minus20,808,adaptive_pricing,11.11111111111111,0.0,0.0,0.0
w_r_minus20,808,baseline,15.625,0.0,0.0,0.0
w_r_minus20,909,heatwave,14.583333333333334,0.0,0.0,0.0
w_r_minus20,909,overproduction,5.902777777777778,0.0,0.0,0.0
w_r_minus20,909,cyber_outage,11.458333333333332,0.0,0.0,0.0
w_r_minus20,909,adaptive_pricing,12.152777777777777,0.0,0.0,0.0
w_r_minus20,909,baseline,6.597222222222222,0.0,0.0,0.0
w_r_minus20,1010,heatwave,12.152777777777777,0.0,0.0,0.0
w_r_minus20,1010,overproduction,13.194444444444445,0.0,0.0,0.0
w_r_minus20,1010,cyber_outage,10.069444444444445,0.0,0.0,0.0
w_r_minus20,1010,adaptive_pricing,15.277777777777779,0.0,0.0,0.0
w_r_minus20,1010,baseline,10.76388888888889,0.0,0.0,0.0
w_r_minus20,1111,heatwave,12.5,0.0,0.0,0.0
w_r_minus20,1111,overproduction,17.36111111111111,0.0,0.0,0.0
w_r_minus20,1111,cyber_outage,11.11111111111111,0.0,0.0,0.0
w_r_minus20,1111,adaptive_pricing,15.625,0.0,0.0,0.0
w_r_minus20,1111,baseline,16.666666666666664,0.0,0.0,0.0
w_r_minus20,1212,heatwave,10.069444444444445,0.0,0.0,0.0
w_r_minus20,1212,overproduction,10.416666666666668,0.0,0.0,0.0
w_r_minus20,1212,cyber_outage,6.944444444444445,0.0,0.0,0.0
w_r_minus20,1212,adaptive_pricing,12.5,0.0,0.0,0.0
w_r_minus20,1212,baseline,18.055555555555554,0.0,0.0,0.0
w_r_minus20,1313,heatwave,15.972222222222221,0.0,0.0,0.3472222222222222
w_r_minus20,1313,overproduction,17.01388888888889,0.0,0.0,0.0
w_r_minus20,1313,cyber_outage,12.152777777777777,0.0,0.0,0.0
w_r_minus20,1313,adaptive_pricing,8.333333333333332,0.0,0.0,0.0
w_r_minus20,1313,baseline,18.40277777777778,0.0,0.0,0.0
w_r_minus20,1414,heatwave,9.375,0.0,0.0,0.0
w_r_minus20,1414,overproduction,9.375,0.0,0.0,0.0
w_r_minus20,1414,cyber_outage,10.416666666666668,0.0,0.0,0.0
w_r_minus20,1414,adaptive_pricing,10.76388888888889,0.0,0.0,0.0
w_r_minus20,1414,baseline,12.847222222222221,0.0,0.0,0.0
w_r_minus20,1515,heatwave,12.5,0.0,0.0,0.0
w_r_minus20,1515,overproduction,13.194444444444445,0.0,0.0,0.0
w_r_minus20,1515,cyber_outage,11.805555555555555,0.0,0.0,0.0
w_r_minus20,1515,adaptive_pricing,14.23611111111111,0.0,0.0,0.0
w_r_minus20,1515,baseline,17.708333333333336,0.0,0.0,0.0
w_r_plus20,42,heatwave,13.194444444444445,0.0,0.0,0.3472222222222222
w_r_plus20,42,overproduction,11.458333333333332,0.0,0.0,0.0
w_r_plus20,42,cyber_outage,11.458333333333332,0.0,0.0,0.0
w_r_plus20,42,adaptive_pricing,15.277777777777779,0.0,0.0,0.0
w_r_plus20,42,baseline,12.152777777777777,0.0,0.0,0.0
w_r_plus20,1337,heatwave,13.541666666666666,0.0,0.3472222222222222,0.0
w_r_plus20,1337,overproduction,11.11111111111111,0.0,0.0,0.0
w_r_plus20,1337,cyber_outage,11.11111111111111,0.0,0.0,0.0
w_r_plus20,1337,adaptive_pricing,13.541666666666666,0.0,0.0,0.0
w_r_plus20,1337,baseline,12.5,0.0,0.0,0.0
w_r_plus20,2024,heatwave,17.01388888888889,0.0,0.0,0.0
w_r_plus20,2024,overproduction,16.319444444444446,0.0,0.0,0.0
w_r_plus20,2024,cyber_outage,11.458333333333332,0.0,0.0,0.0
w_r_plus20,2024,adaptive_pricing,12.847222222222221,0.0,0.0,0.0
w_r_plus20,2024,baseline,15.625,0.0,0.0,0.0
w_r_plus20,7,heatwave,9.027777777777777,0.0,0.0,0.0
w_r_plus20,7,overproduction,11.11111111111111,0.0,0.3472222222222222,0.0
w_r_plus20,7,cyber_outage,9.027777777777777,0.0,0.0,0.0
w_r_plus20,7,adaptive_pricing,10.069444444444445,0.0,0.0,0.0
w_r_plus20,7,baseline,14.930555555555555,0.0,0.0,0.0
w_r_plus20,99,heatwave,15.277777777777779,0.0,0.0,0.0
w_r_plus20,99,overproduction,12.5,0.0,0.0,0.0
w_r_plus20,99,cyber_outage,11.11111111111111,0.0,0.0,0.0
w_r_plus20,99,adaptive_pricing,18.40277777777778,0.0,0.0,0.0
w_r_plus20,99,baseline,15.972222222222221,0.0,0.0,0.0
w_r_plus20,101,heatwave,11.805555555555555,0.0,0.0,0.0
w_r_plus20,101,overproduction,9.027777777777777,0.0,0.0,0.0
w_r_plus20,101,cyber_outage,8.333333333333332,0.0,0.0,0.0
w_r_plus20,101,adaptive_pricing,12.152777777777777,0.0,0.0,0.0
w_r_plus20,101,baseline,14.583333333333334,0.0,0.0,0.0
w_r_plus20,202,heatwave,14.583333333333334,0.0,0.0,0.0
w_r_plus20,202,overproduction,12.847222222222221,0.0,0.0,0.0
w_r_plus20,202,cyber_outage,13.541666666666666,0.0,0.0,0.0
w_r_plus20,202,adaptive_pricing,14.583333333333334,0.0,0.0,0.0
w_r_plus20,202,baseline,17.36111111111111,0.0,0.0,0.0
w_r_plus20,303,heatwave,13.541666666666666,0.0,0.0,0.0
w_r_plus20,303,overproduction,12.847222222222221,0.0,0.0,0.0
w_r_plus20,303,cyber_outage,11.458333333333332,0.0,0.0,0.0
w_r_plus20,303,adaptive_pricing,15.625,0.0,0.0,0.0
w_r_plus20,303,baseline,16.319444444444446,0.0,0.3472222222222222,0.0
w_r_plus20,404,heatwave,14.930555555555555,0.0,0.0,0.0
w_r_plus20,404,overproduction,15.625,0.0,0.0,0.0
w_r_plus20,404,cyber_outage,14.930555555555555,0.0,0.0,0.0
w_r_plus20,404,adaptive_pricing,14.930555555555555,0.0,0.0,0.0
w_r_plus20,404,baseline,15.972222222222221,0.0,0.0,0.0
w_r_plus20,505,heatwave,11.458333333333332,0.0,0.0,0.3472222222222222
w_r_plus20,505,overproduction,12.847222222222221,0.0,0.0,0.0
w_r_plus20,505,cyber_outage,9.722222222222223,0.0,0.0,0.0
w_r_plus20,505,adaptive_pricing,14.583333333333334,0.0,0.0,0.0
w_r_plus20,505,baseline,14.583333333333334,0.0,0.0,0.0
w_r_plus20,606,heatwave,10.76388888888889,0.0,0.3472222222222222,0.0
w_r_plus20,606,overproduction,13.194444444444445,0.0,0.0,0.0
w_r_plus20,606,cyber_outage,11.458333333333332,0.0,0.0,0.0
w_r_plus20,606,adaptive_pricing,15.277777777777779,0.0,0.0,0.0
w_r_plus20,606,baseline,17.01388888888889,0.0,0.0,0.0
w_r_plus20,707,heatwave,11.11111111111111,0.0,0.0,0.0
w_r_plus20,707,overproduction,18.75,0.0,0.0,0.0
w_r_plus20,707,cyber_outage,12.152777777777777,0.0,0.0,0.0
w_r_plus20,707,adaptive_pricing,15.277777777777779,0.0,0.0,0.0
w_r_plus20,707,baseline,15.277777777777779,0.0,0.0,0.0
w_r_plus20,808,heatwave,10.76388888888889,0.0,0.0,0.0
w_r_plus20,808,overproduction,7.986111111111111,0.0,0.0,0.0
w_r_plus20,808,cyber_outage,7.986111111111111,0.0,0.0,0.0
w_r_plus20,808,adaptive_pricing,11.11111111111111,0.0,0.0,0.0
w_r_plus20,808,baseline,15.625,0.0,0.0,0.0
w_r_plus20,909,heatwave,14.583333333333334,0.0,0.0,0.0
w_r_plus20,909,overproduction,5.902777777777778,0.0,0.0,0.0
w_r_plus20,909,cyber_outage,11.458333333333332,0.0,0.0,0.0
w_r_plus20,909,adaptive_pricing,12.152777777777777,0.0,0.0,0.0
w_r_plus20,909,baseline,6.597222222222222,0.0,0.0,0.0
w_r_plus20,1010,heatwave,12.152777777777777,0.0,0.0,0.0
w_r_plus20,1010,overproduction,13.194444444444445,0.0,0.0,0.0
w_r_plus20,1010,cyber_outage,10.069444444444445,0.0,0.0,0.0
w_r_plus20,1010,adaptive_pricing,15.277777777777779,0.0,0.0,0.0
w_r_plus20,1010,baseline,10.76388888888889,0.0,0.0,0.0
w_r_plus20,1111,heatwave,12.5,0.0,0.0,0.0
w_r_plus20,1111,overproduction,17.36111111111111,0.0,0.0,0.0
w_r_plus20,1111,cyber_outage,11.11111111111111,0.0,0.0,0.0
w_r_plus20,1111,adaptive_pricing,15.625,0.0,0.0,0.0
w_r_plus20,1111,baseline,16.319444444444446,0.0,0.0,0.3472222222222222
w_r_plus20,1212,heatwave,10.069444444444445,0.0,0.0,0.0
w_r_plus20,1212,overproduction,10.416666666666668,0.0,0.0,0.0
w_r_plus20,1212,cyber_outage,6.944444444444445,0.0,0.0,0.0
w_r_plus20,1212,adaptive_pricing,12.5,0.0,0.0,0.0
w_r_plus20,1212,baseline,18.055555555555554,0.0,0.0,0.0
w_r_plus20,1313,heatwave,16.319444444444446,0.0,0.0,0.0
w_r_plus20,1313,overproduction,17.36111111111111,0.0,0.0,0.3472222222222222
w_r_plus20,1313,cyber_outage,12.152777777777777,0.0,0.0,0.0
w_r_plus20,1313,adaptive_pricing,7.986111111111111,0.0,0.3472222222222222,0.0
w_r_plus20,1313,baseline,18.40277777777778,0.0,0.0,0.0
w_r_plus20,1414,heatwave,9.375,0.0,0.0,0.0
w_r_plus20,1414,overproduction,9.375,0.0,0.0,0.0
w_r_plus20,1414,cyber_outage,10.416666666666668,0.0,0.0,0.0
w_r_plus20,1414,adaptive_pricing,10.76388888888889,0.0,0.0,0.0
w_r_plus20,1414,baseline,12.847222222222221,0.0,0.0,0.0
w_r_plus20,1515,heatwave,12.5,0.0,0.0,0.0
w_r_plus20,1515,overproduction,13.194444444444445,0.0,0.0,0.0
w_r_plus20,1515,cyber_outage,11.805555555555555,0.0,0.0,0.0
w_r_plus20,1515,adaptive_pricing,14.23611111111111,0.0,0.0,0.0
w_r_plus20,1515,baseline,18.055555555555554,0.0,0.0,0.3472222222222222
w_p_minus20,42,heatwave,13.194444444444445,0.0,0.0,0.3472222222222222
w_p_minus20,42,overproduction,11.458333333333332,0.0,0.0,0.0
w_p_minus20,42,cyber_outage,11.458333333333332,0.0,0.0,0.0
w_p_minus20,42,adaptive_pricing,15.277777777777779,0.0,0.0,0.0
w_p_minus20,42,baseline,12.152777777777777,0.0,0.0,0.0
w_p_minus20,1337,heatwave,13.194444444444445,0.0,0.0,0.0
w_p_minus20,1337,overproduction,11.11111111111111,0.0,0.0,0.0
w_p_minus20,1337,cyber_outage,11.11111111111111,0.0,0.0,0.0
w_p_minus20,1337,adaptive_pricing,13.541666666666666,0.0,0.0,0.0
w_p_minus20,1337,baseline,12.5,0.0,0.0,0.0
w_p_minus20,2024,heatwave,17.01388888888889,0.0,0.0,0.0
w_p_minus20,2024,overproduction,16.319444444444446,0.0,0.0,0.0
w_p_minus20,2024,cyber_outage,11.458333333333332,0.0,0.0,0.0
w_p_minus20,2024,adaptive_pricing,12.847222222222221,0.0,0.0,0.0
w_p_minus20,2024,baseline,15.625,0.0,0.0,0.0
w_p_minus20,7,heatwave,9.027777777777777,0.0,0.0,0.0
w_p_minus20,7,overproduction,10.76388888888889,0.0,0.0,0.0
w_p_minus20,7,cyber_outage,9.027777777777777,0.0,0.0,0.0
w_p_minus20,7,adaptive_pricing,10.069444444444445,0.0,0.0,0.0
w_p_minus20,7,baseline,14.930555555555555,0.0,0.0,0.0
w_p_minus20,99,heatwave,15.277777777777779,0.0,0.0,0.0
w_p_minus20,99,overproduction,12.5,0.0,0.0,0.0
w_p_minus20,99,cyber_outage,11.11111111111111,0.0,0.0,0.0
w_p_minus20,99,adaptive_pricing,18.40277777777778,0.0,0.0,0.0
w_p_minus20,99,baseline,15.972222222222221,0.0,0.0,0.0
w_p_minus20,101,heatwave,11.805555555555555,0.0,0.0,0.0
w_p_minus20,101,overproduction,9.027777777777777,0.0,0.0,0.0
w_p_minus20,101,cyber_outage,8.333333333333332,0.0,0.0,0.0
w_p_minus20,101,adaptive_pricing,12.152777777777777,0.0,0.0,0.0
w_p_minus20,101,baseline,14.583333333333334,0.0,0.0,0.0
w_p_minus20,202,heatwave,14.930555555555555,0.0,0.3472222222222222,0.0
w_p_minus20,202,overproduction,12.847222222222221,0.0,0.0,0.0
w_p_minus20,202,cyber_outage,13.541666666666666,0.0,0.0,0.0
w_p_minus20,202,adaptive_pricing,14.583333333333334,0.0,0.0,0.0
w_p_minus20,202,baseline,17.36111111111111,0.0,0.0,0.0
w_p_minus20,303,heatwave,13.541666666666666,0.0,0.0,0.0
w_p_minus20,303,overproduction,12.847222222222221,0.0,0.0,0.0
w_p_minus20,303,cyber_outage,11.458333333333332,0.0,0.0,0.0
w_p_minus20,303,adaptive_pricing,15.625,0.0,0.0,0.0
w_p_minus20,303,baseline,15.972222222222221,0.0,0.0,0.0
w_p_minus20,404,heatwave,14.930555555555555,0.0,0.0,0.0
w_p_minus20,404,overproduction,15.625,0.0,0.0,0.0
w_p_minus20,404,cyber_outage,14.930555555555555,0.0,0.0,0.0
w_p_minus20,404,adaptive_pricing,14.930555555555555,0.0,0.0,0.0
w_p_minus20,404,baseline,15.972222222222221,0.0,0.0,0.0
w_p_minus20,505,heatwave,11.805555555555555,0.0,0.0,0.0
w_p_minus20,505,overproduction,12.847222222222221,0.0,0.0,0.0
w_p_minus20,505,cyber_outage,9.722222222222223,0.0,0.0,0.0
w_p_minus20,505,adaptive_pricing,14.583333333333334,0.0,0.0,0.0
w_p_minus20,505,baseline,14.583333333333334,0.0,0.0,0.0
w_p_minus20,606,heatwave,11.11111111111111,0.0,0.0,0.0
w_p_minus20,606,overproduction,13.194444444444445,0.0,0.0,0.0
w_p_minus20,606,cyber_outage,11.458333333333332,0.0,0.0,0.0
w_p_minus20,606,adaptive_pricing,15.277777777777779,0.0,0.0,0.0
w_p_minus20,606,baseline,17.01388888888889,0.0,0.0,0.0
w_p_minus20,707,heatwave,11.11111111111111,0.0,0.0,0.0
w_p_minus20,707,overproduction,18.75,0.0,0.0,0.0
w_p_minus20,707,cyber_outage,12.152777777777777,0.0,0.0,0.0
w_p_minus20,707,adaptive_pricing,15.277777777777779,0.0,0.0,0.0
w_p_minus20,707,baseline,15.277777777777779,0.0,0.0,0.0
w_p_minus20,808,heatwave,10.76388888888889,0.0,0.0,0.0
w_p_minus20,808,overproduction,7.986111111111111,0.0,0.0,0.0
w_p_minus20,808,cyber_outage,7.986111111111111,0.0,0.0,0.0
w_p_minus20,808,adaptive_pricing,11.11111111111111,0.0,0.0,0.0
w_p_minus20,808,baseline,15.625,0.0,0.0,0.0
w_p_minus20,909,heatwave,14.583333333333334,0.0,0.0,0.0
w_p_minus20,909,overproduction,5.902777777777778,0.0,0.0,0.0
w_p_minus20,909,cyber_outage,11.458333333333332,0.0,0.0,0.0
w_p_minus20,909,adaptive_pricing,12.152777777777777,0.0,0.0,0.0
w_p_minus20,909,baseline,6.597222222222222,0.0,0.0,0.0
w_p_minus20,1010,heatwave,12.152777777777777,0.0,0.0,0.0
w_p_minus20,1010,overproduction,13.194444444444445,0.0,0.0,0.0
w_p_minus20,1010,cyber_outage,10.069444444444445,0.0,0.0,0.0
w_p_minus20,1010,adaptive_pricing,15.277777777777779,0.0,0.0,0.0
w_p_minus20,1010,baseline,10.76388888888889,0.0,0.0,0.0
w_p_minus20,1111,heatwave,12.5,0.0,0.0,0.0
w_p_minus20,1111,overproduction,17.36111111111111,0.0,0.0,0.0
w_p_minus20,1111,cyber_outage,11.11111111111111,0.0,0.0,0.0
w_p_minus20,1111,adaptive_pricing,15.625,0.0,0.0,0.0
w_p_minus20,1111,baseline,16.666666666666664,0.0,0.0,0.0
w_p_minus20,1212,heatwave,10.069444444444445,0.0,0.0,0.0
w_p_minus20,1212,overproduction,10.416666666666668,0.0,0.0,0.0
w_p_minus20,1212,cyber_outage,6.944444444444445,0.0,0.0,0.0
w_p_minus20,1212,adaptive_pricing,12.5,0.0,0.0,0.0
w_p_minus20,1212,baseline,18.055555555555554,0.0,0.0,0.0
w_p_minus20,1313,heatwave,15.972222222222221,0.0,0.0,0.3472222222222222
w_p_minus20,1313,overproduction,17.01388888888889,0.0,0.0,0.0
w_p_minus20,1313,cyber_outage,12.152777777777777,0.0,0.0,0.0
w_p_minus20,1313,adaptive_pricing,8.333333333333332,0.0,0.0,0.0
w_p_minus20,1313,baseline,18.40277777777778,0.0,0.0,0.0
w_p_minus20,1414,heatwave,9.375,0.0,0.0,0.0
w_p_minus20,1414,overproduction,9.375,0.0,0.0,0.0
w_p_minus20,1414,cyber_outage,10.416666666666668,0.0,0.0,0.0
w_p_minus20,1414,adaptive_pricing,10.76388888888889,0.0,0.0,0.0
w_p_minus20,1414,baseline,12.847222222222221,0.0,0.0,0.0
w_p_minus20,1515,heatwave,12.5,0.0,0.0,0.0
w_p_minus20,1515,overproduction,13.194444444444445,0.0,0.0,0.0
w_p_minus20,1515,cyber_outage,11.805555555555555,0.0,0.0,0.0
w_p_minus20,1515,adaptive_pricing,14.23611111111111,0.0,0.0,0.0
w_p_minus20,1515,baseline,17.708333333333336,0.0,0.0,0.0
w_p_plus20,42,heatwave,13.541666666666666,0.0,0.0,0.0
w_p_plus20,42,overproduction,11.458333333333332,0.0,0.0,0.0
w_p_plus20,42,cyber_outage,11.458333333333332,0.0,0.0,0.0
w_p_plus20,42,adaptive_pricing,15.277777777777779,0.0,0.0,0.0
w_p_plus20,42,baseline,12.152777777777777,0.0,0.0,0.0
w_p_plus20,1337,heatwave,13.194444444444445,0.0,0.0,0.0
w_p_plus20,1337,overproduction,11.11111111111111,0.0,0.0,0.0
w_p_plus20,1337,cyber_outage,11.11111111111111,0.0,0.0,0.0
w_p_plus20,1337,adaptive_pricing,13.541666666666666,0.0,0.0,0.0
w_p_plus20,1337,baseline,12.5,0.0,0.0,0.0
w_p_plus20,2024,heatwave,17.01388888888889,0.0,0.0,0.0
w_p_plus20,2024,overproduction,16.319444444444446,0.0,0.0,0.0
w_p_plus20,2024,cyber_outage,11.458333333333332,0.0,0.0,0.0
w_p_plus20,2024,adaptive_pricing,12.847222222222221,0.0,0.0,0.0
w_p_plus20,2024,baseline,15.625,0.0,0.0,0.0
w_p_plus20,7,heatwave,9.027777777777777,0.0,0.0,0.0
w_p_plus20,7,overproduction,10.76388888888889,0.0,0.0,0.0
w_p_plus20,7,cyber_outage,9.027777777777777,0.0,0.0,0.0
w_p_plus20,7,adaptive_pricing,10.069444444444445,0.0,0.0,0.0
w_p_plus20,7,baseline,14.930555555555555,0.0,0.0,0.0
w_p_plus20,99,heatwave,15.277777777777779,0.0,0.0,0.0
w_p_plus20,99,overproduction,12.5,0.0,0.0,0.0
w_p_plus20,99,cyber_outage,11.11111111111111,0.0,0.0,0.0
w_p_plus20,99,adaptive_pricing,18.40277777777778,0.0,0.0,0.0
w_p_plus20,99,baseline,15.972222222222221,0.0,0.0,0.0
w_p_plus20,101,heatwave,11.805555555555555,0.0,0.0,0.0
w_p_plus20,101,overproduction,9.027777777777777,0.0,0.0,0.0
w_p_plus20,101,cyber_outage,8.333333333333332,0.0,0.0,0.0
w_p_plus20,101,adaptive_pricing,12.152777777777777,0.0,0.0,0.0
w_p_plus20,101,baseline,14.583333333333334,0.0,0.0,0.0
w_p_plus20,202,heatwave,14.583333333333334,0.0,0.0,0.0
w_p_plus20,202,overproduction,12.847222222222221,0.0,0.0,0.0
w_p_plus20,202,cyber_outage,13.541666666666666,0.0,0.0,0.0
w_p_plus20,202,adaptive_pricing,14.583333333333334,0.0,0.0,0.0
w_p_plus20,202,baseline,17.36111111111111,0.0,0.0,0.0
w_p_plus20,303,heatwave,13.541666666666666,0.0,0.0,0.0
w_p_plus20,303,overproduction,12.847222222222221,0.0,0.0,0.0
w_p_plus20,303,cyber_outage,11.458333333333332,0.0,0.0,0.0
w_p_plus20,303,adaptive_pricing,15.625,0.0,0.0,0.0
w_p_plus20,303,baseline,16.319444444444446,0.0,0.0,0.3472222222222222
w_p_plus20,404,heatwave,14.583333333333334,0.0,0.3472222222222222,0.0
w_p_plus20,404,overproduction,15.625,0.0,0.0,0.0
w_p_plus20,404,cyber_outage,14.930555555555555,0.0,0.0,0.0
w_p_plus20,404,adaptive_pricing,14.930555555555555,0.0,0.0,0.0
w_p_plus20,404,baseline,15.972222222222221,0.0,0.0,0.0
w_p_plus20,505,heatwave,11.805555555555555,0.0,0.0,0.0
w_p_plus20,505,overproduction,12.847222222222221,0.0,0.0,0.0
w_p_plus20,505,cyber_outage,9.722222222222223,0.0,0.0,0.0
w_p_plus20,505,adaptive_pricing,14.583333333333334,0.0,0.0,0.0
w_p_plus20,505,baseline,14.583333333333334,0.0,0.0,0.0
w_p_plus20,606,heatwave,11.11111111111111,0.0,0.0,0.0
w_p_plus20,606,overproduction,13.194444444444445,0.0,0.0,0.0
w_p_plus20,606,cyber_outage,11.458333333333332,0.0,0.0,0.0
w_p_plus20,606,adaptive_pricing,15.277777777777779,0.0,0.0,0.0
w_p_plus20,606,baseline,17.01388888888889,0.0,0.0,0.0
w_p_plus20,707,heatwave,11.11111111111111,0.0,0.0,0.0
w_p_plus20,707,overproduction,18.75,0.0,0.0,0.0
w_p_plus20,707,cyber_outage,12.152777777777777,0.0,0.0,0.0
w_p_plus20,707,adaptive_pricing,15.277777777777779,0.0,0.0,0.0
w_p_plus20,707,baseline,15.277777777777779,0.0,0.0,0.0
w_p_plus20,808,heatwave,10.76388888888889,0.0,0.0,0.0
w_p_plus20,808,overproduction,7.986111111111111,0.0,0.0,0.0
w_p_plus20,808,cyber_outage,7.986111111111111,0.0,0.0,0.0
w_p_plus20,808,adaptive_pricing,11.11111111111111,0.0,0.0,0.0
w_p_plus20,808,baseline,15.625,0.0,0.0,0.0
w_p_plus20,909,heatwave,14.583333333333334,0.0,0.0,0.0
w_p_plus20,909,overproduction,5.902777777777778,0.0,0.0,0.0
w_p_plus20,909,cyber_outage,11.458333333333332,0.0,0.0,0.0
w_p_plus20,909,adaptive_pricing,12.152777777777777,0.0,0.0,0.0
w_p_plus20,909,baseline,6.597222222222222,0.0,0.0,0.0
w_p_plus20,1010,heatwave,12.152777777777777,0.0,0.0,0.0
w_p_plus20,1010,overproduction,13.194444444444445,0.0,0.0,0.0
w_p_plus20,1010,cyber_outage,10.069444444444445,0.0,0.0,0.0
w_p_plus20,1010,adaptive_pricing,15.277777777777779,0.0,0.0,0.0
w_p_plus20,1010,baseline,10.76388888888889,0.0,0.0,0.0
w_p_plus20,1111,heatwave,12.5,0.0,0.0,0.0
w_p_plus20,1111,overproduction,17.36111111111111,0.0,0.0,0.0
w_p_plus20,1111,cyber_outage,11.11111111111111,0.0,0.0,0.0
w_p_plus20,1111,adaptive_pricing,15.625,0.0,0.0,0.0
w_p_plus20,1111,baseline,16.666666666666664,0.0,0.0,0.0
w_p_plus20,1212,heatwave,10.069444444444445,0.0,0.0,0.0
w_p_plus20,1212,overproduction,10.416666666666668,0.0,0.0,0.0
w_p_plus20,1212,cyber_outage,6.944444444444445,0.0,0.0,0.0
w_p_plus20,1212,adaptive_pricing,12.5,0.0,0.0,0.0
w_p_plus20,1212,baseline,18.055555555555554,0.0,0.0,0.0
w_p_plus20,1313,heatwave,16.319444444444446,0.0,0.0,0.0
w_p_plus20,1313,overproduction,17.01388888888889,0.0,0.0,0.0
w_p_plus20,1313,cyber_outage,12.152777777777777,0.0,0.0,0.0
w_p_plus20,1313,adaptive_pricing,8.333333333333332,0.0,0.0,0.0
w_p_plus20,1313,baseline,18.40277777777778,0.0,0.0,0.0
w_p_plus20,1414,heatwave,9.375,0.0,0.0,0.0
w_p_plus20,1414,overproduction,9.375,0.0,0.0,0.0
w_p_plus20,1414,cyber_outage,10.416666666666668,0.0,0.0,0.0
w_p_plus20,1414,adaptive_pricing,10.76388888888889,0.0,0.0,0.0
w_p_plus20,1414,baseline,12.847222222222221,0.0,0.0,0.0
w_p_plus20,1515,heatwave,12.5,0.0,0.0,0.0
w_p_plus20,1515,overproduction,13.194444444444445,0.0,0.0,0.0
w_p_plus20,1515,cyber_outage,11.805555555555555,0.0,0.0,0.0
w_p_plus20,1515,adaptive_pricing,14.23611111111111,0.0,0.0,0.0
w_p_plus20,1515,baseline,18.055555555555554,0.0,0.0,0.3472222222222222
eta_minus20,42,heatwave,13.194444444444445,0.0,0.0,0.3472222222222222
eta_minus20,42,overproduction,11.458333333333332,0.0,0.0,0.0
eta_minus20,42,cyber_outage,11.458333333333332,0.0,0.0,0.0
eta_minus20,42,adaptive_pricing,15.277777777777779,0.0,0.0,0.0
eta_minus20,42,baseline,12.152777777777777,0.0,0.0,0.0
eta_minus20,1337,heatwave,13.541666666666666,0.0,0.3472222222222222,0.0
eta_minus20,1337,overproduction,11.11111111111111,0.0,0.0,0.0
eta_minus20,1337,cyber_outage,11.11111111111111,0.0,0.0,0.0
eta_minus20,1337,adaptive_pricing,13.541666666666666,0.0,0.0,0.0
eta_minus20,1337,baseline,12.5,0.0,0.0,0.0
eta_minus20,2024,heatwave,17.01388888888889,0.0,0.0,0.0
eta_minus20,2024,overproduction,16.319444444444446,0.0,0.0,0.0
eta_minus20,2024,cyber_outage,11.458333333333332,0.0,0.0,0.0
eta_minus20,2024,adaptive_pricing,12.847222222222221,0.0,0.0,0.0
eta_minus20,2024,baseline,15.625,0.0,0.0,0.0
eta_minus20,7,heatwave,9.027777777777777,0.0,0.0,0.0
eta_minus20,7,overproduction,10.76388888888889,0.0,0.0,0.0
eta_minus20,7,cyber_outage,9.027777777777777,0.0,0.0,0.0
eta_minus20,7,adaptive_pricing,10.069444444444445,0.0,0.0,0.0
eta_minus20,7,baseline,14.930555555555555,0.0,0.0,0.0
eta_minus20,99,heatwave,15.277777777777779,0.0,0.0,0.0
eta_minus20,99,overproduction,12.5,0.0,0.0,0.0
eta_minus20,99,cyber_outage,11.11111111111111,0.0,0.0,0.0
eta_minus20,99,adaptive_pricing,18.40277777777778,0.0,0.0,0.0
eta_minus20,99,baseline,15.625,0.0,0.0,0.3472222222222222
eta_minus20,101,heatwave,11.805555555555555,0.0,0.0,0.0
eta_minus20,101,overproduction,9.027777777777777,0.0,0.0,0.0
eta_minus20,101,cyber_outage,8.333333333333332,0.0,0.0,0.0
eta_minus20,101,adaptive_pricing,12.152777777777777,0.0,0.0,0.0
eta_minus20,101,baseline,14.583333333333334,0.0,0.0,0.0
eta_minus20,202,heatwave,14.930555555555555,0.0,0.3472222222222222,0.0
eta_minus20,202,overproduction,12.847222222222221,0.0,0.0,0.0
eta_minus20,202,cyber_outage,13.88888888888889,0.0,0.3472222222222222,0.0
eta_minus20,202,adaptive_pricing,14.583333333333334,0.0,0.0,0.0
eta_minus20,202,baseline,17.36111111111111,0.0,0.0,0.0
eta_minus20,303,heatwave,13.194444444444445,0.0,0.0,0.3472222222222222
eta_minus20,303,overproduction,12.847222222222221,0.0,0.0,0.0
eta_minus20,303,cyber_outage,11.458333333333332,0.0,0.0,0.0
eta_minus20,303,adaptive_pricing,15.625,0.0,0.0,0.0
eta_minus20,303,baseline,15.972222222222221,0.0,0.0,0.0
eta_minus20,404,heatwave,14.930555555555555,0.0,0.0,0.0
eta_minus20,404,overproduction,15.972222222222221,0.0,0.3472222222222222,0.0
eta_minus20,404,cyber_outage,14.930555555555555,0.0,0.0,0.0
eta_minus20,404,adaptive_pricing,15.277777777777779,0.0,0.3472222222222222,0.0
eta_minus20,404,baseline,15.972222222222221,0.0,0.0,0.0
eta_minus20,505,heatwave,11.805555555555555,0.0,0.3472222222222222,0.3472222222222222
eta_minus20,505,overproduction,12.847222222222221,0.0,0.0,0.0
eta_minus20,505,cyber_outage,9.722222222222223,0.0,0.0,0.0
eta_minus20,505,adaptive_pricing,14.583333333333334,0.0,0.0,0.0
eta_minus20,505,baseline,14.583333333333334,0.0,0.0,0.0
eta_minus20,606,heatwave,11.11111111111111,0.0,0.0,0.0
eta_minus20,606,overproduction,13.194444444444445,0.0,0.0,0.0
eta_minus20,606,cyber_outage,11.11111111111111,0.0,0.0,0.3472222222222222
eta_minus20,606,adaptive_pricing,15.277777777777779,0.0,0.0,0.0
eta_minus20,606,baseline,17.01388888888889,0.0,0.0,0.0
eta_minus20,707,heatwave,10.416666666666668,0.0,0.0,0.6944444444444444
eta_minus20,707,overproduction,18.75,0.0,0.0,0.0
eta_minus20,707,cyber_outage,12.152777777777777,0.0,0.0,0.0
eta_minus20,707,adaptive_pricing,15.277777777777779,0.0,0.0,0.0
eta_minus20,707,baseline,15.277777777777779,0.0,0.0,0.0
eta_minus20,808,heatwave,10.76388888888889,0.0,0.0,0.0
eta_minus20,808,overproduction,7.986111111111111,0.0,0.0,0.0
eta_minus20,808,cyber_outage,7.986111111111111,0.0,0.0,0.0
eta_minus20,808,adaptive_pricing,11.458333333333332,0.0,0.3472222222222222,0.0
eta_minus20,808,baseline,15.277777777777779,0.0,0.0,0.3472222222222222
eta_minus20,909,heatwave,13.88888888888889,0.0,0.0,0.6944444444444444
eta_minus20,909,overproduction,5.902777777777778,0.0,0.0,0.0
eta_minus20,909,cyber_outage,11.458333333333332,0.0,0.0,0.0
eta_minus20,909,adaptive_pricing,12.152777777777777,0.0,0.0,0.0
eta_minus20,909,baseline,6.597222222222222,0.0,0.0,0.0
eta_minus20,1010,heatwave,12.152777777777777,0.0,0.0,0.0
eta_minus20,1010,overproduction,13.194444444444445,0.0,0.0,0.0
eta_minus20,1010,cyber_outage,10.069444444444445,0.0,0.0,0.0
eta_minus20,1010,adaptive_pricing,15.277777777777779,0.0,0.0,0.0
eta_minus20,1010,baseline,10.76388888888889,0.0,0.0,0.0
eta_minus20,1111,heatwave,12.5,0.0,0.0,0.0
eta_minus20,1111,overproduction,17.36111111111111,0.0,0.0,0.0
eta_minus20,1111,cyber_outage,11.11111111111111,0.0,0.0,0.0
eta_minus20,1111,adaptive_pricing,15.625,0.0,0.0,0.0
eta_minus20,1111,baseline,16.666666666666664,0.0,0.0,0.0
eta_minus20,1212,heatwave,10.069444444444445,0.0,0.0,0.0
eta_minus20,1212,overproduction,10.416666666666668,0.0,0.0,0.0
eta_minus20,1212,cyber_outage,7.291666666666667,0.0,0.3472222222222222,0.0
eta_minus20,1212,adaptive_pricing,12.847222222222221,0.0,0.3472222222222222,0.0
eta_minus20,1212,baseline,18.055555555555554,0.0,0.0,0.0
eta_minus20,1313,heatwave,15.972222222222221,0.0,0.0,0.3472222222222222
eta_minus20,1313,overproduction,17.36111111111111,0.0,0.0,0.3472222222222222
eta_minus20,1313,cyber_outage,12.152777777777777,0.0,0.0,0.0
eta_minus20,1313,adaptive_pricing,8.333333333333332,0.0,0.0,0.0
eta_minus20,1313,baseline,18.40277777777778,0.0,0.0,0.0
eta_minus20,1414,heatwave,9.375,0.0,0.0,0.0
eta_minus20,1414,overproduction,9.375,0.0,0.0,0.0
eta_minus20,1414,cyber_outage,10.416666666666668,0.0,0.0,0.0
eta_minus20,1414,adaptive_pricing,10.76388888888889,0.0,0.0,0.0
eta_minus20,1414,baseline,12.847222222222221,0.0,0.0,0.0
eta_minus20,1515,heatwave,12.5,0.0,0.0,0.0
eta_minus20,1515,overproduction,13.194444444444445,0.0,0.0,0.0
eta_minus20,1515,cyber_outage,11.805555555555555,0.0,0.0,0.0
eta_minus20,1515,adaptive_pricing,14.23611111111111,0.0,0.0,0.0
eta_minus20,1515,baseline,17.708333333333336,0.0,0.0,0.0
eta_plus20,42,heatwave,12.5,0.0,0.6944444444444444,0.3472222222222222
eta_plus20,42,overproduction,11.805555555555555,0.0,0.0,0.3472222222222222
eta_plus20,42,cyber_outage,11.458333333333332,0.0,0.0,0.0
eta_plus20,42,adaptive_pricing,15.277777777777779,0.0,0.0,0.0
eta_plus20,42,baseline,12.152777777777777,0.0,0.0,0.0
eta_plus20,1337,heatwave,13.194444444444445,0.0,0.0,0.0
eta_plus20,1337,overproduction,11.11111111111111,0.0,0.0,0.0
eta_plus20,1337,cyber_outage,11.11111111111111,0.0,0.0,0.0
eta_plus20,1337,adaptive_pricing,13.541666666666666,0.0,0.0,0.0
eta_plus20,1337,baseline,12.5,0.0,0.0,0.0
eta_plus20,2024,heatwave,16.666666666666664,0.0,0.0,0.3472222222222222
eta_plus20,2024,overproduction,16.319444444444446,0.0,0.0,0.0
eta_plus20,2024,cyber_outage,11.458333333333332,0.0,0.0,0.0
eta_plus20,2024,adaptive_pricing,12.847222222222221,0.0,0.0,0.0
eta_plus20,2024,baseline,15.625,0.0,0.0,0.0
eta_plus20,7,heatwave,9.027777777777777,0.0,0.0,0.0
eta_plus20,7,overproduction,10.76388888888889,0.0,0.0,0.0
eta_plus20,7,cyber_outage,9.027777777777777,0.0,0.0,0.0
eta_plus20,7,adaptive_pricing,10.416666666666668,0.0,0.0,0.3472222222222222
eta_plus20,7,baseline,14.583333333333334,0.0,0.3472222222222222,0.0
eta_plus20,99,heatwave,15.277777777777779,0.0,0.0,0.0
eta_plus20,99,overproduction,12.152777777777777,0.0,0.3472222222222222,0.0
eta_plus20,99,cyber_outage,11.11111111111111,0.0,0.0,0.0
eta_plus20,99,adaptive_pricing,18.40277777777778,0.0,0.0,0.0
eta_plus20,99,baseline,15.972222222222221,0.0,0.0,0.0
eta_plus20,101,heatwave,11.805555555555555,0.0,0.0,0.0
eta_plus20,101,overproduction,9.027777777777777,0.0,0.0,0.0
eta_plus20,101,cyber_outage,8.333333333333332,0.0,0.0,0.0
eta_plus20,101,adaptive_pricing,12.152777777777777,0.0,0.0,0.0
eta_plus20,101,baseline,14.583333333333334,0.0,0.0,0.0
eta_plus20,202,heatwave,14.583333333333334,0.0,0.0,0.0
eta_plus20,202,overproduction,12.847222222222221,0.0,0.3472222222222222,0.3472222222222222
eta_plus20,202,cyber_outage,13.541666666666666,0.0,0.0,0.0
eta_plus20,202,adaptive_pricing,14.583333333333334,0.0,0.0,0.0
eta_plus20,202,baseline,17.708333333333336,0.0,0.0,0.3472222222222222
eta_plus20,303,heatwave,13.541666666666666,0.0,0.0,0.0
eta_plus20,303,overproduction,12.847222222222221,0.0,0.0,0.0
eta_plus20,303,cyber_outage,11.805555555555555,0.0,0.0,0.3472222222222222
eta_plus20,303,adaptive_pricing,15.625,0.0,0.0,0.0
eta_plus20,303,baseline,16.666666666666664,0.0,0.3472222222222222,0.3472222222222222
eta_plus20,404,heatwave,14.583333333333334,0.0,0.3472222222222222,0.0
eta_plus20,404,overproduction,15.625,0.0,0.0,0.0
eta_plus20,404,cyber_outage,14.930555555555555,0.0,0.0,0.0
eta_plus20,404,adaptive_pricing,14.930555555555555,0.0,0.0,0.0
eta_plus20,404,baseline,15.972222222222221,0.0,0.0,0.0
eta_plus20,505,heatwave,11.805555555555555,0.0,0.0,0.0
eta_plus20,505,overproduction,12.847222222222221,0.0,0.0,0.0
eta_plus20,505,cyber_outage,9.722222222222223,0.0,0.0,0.0
eta_plus20,505,adaptive_pricing,14.583333333333334,0.0,0.0,0.0
eta_plus20,505,baseline,14.583333333333334,0.0,0.0,0.0
eta_plus20,606,heatwave,10.76388888888889,0.0,0.3472222222222222,0.0
eta_plus20,606,overproduction,13.194444444444445,0.0,0.0,0.0
eta_plus20,606,cyber_outage,11.458333333333332,0.0,0.0,0.0
eta_plus20,606,adaptive_pricing,15.277777777777779,0.0,0.0,0.0
eta_plus20,606,baseline,16.666666666666664,0.0,0.3472222222222222,0.0
eta_plus20,707,heatwave,11.11111111111111,0.0,0.0,0.0
eta_plus20,707,overproduction,19.09722222222222,0.0,0.0,0.3472222222222222
eta_plus20,707,cyber_outage,12.5,0.0,0.0,0.3472222222222222
eta_plus20,707,adaptive_pricing,15.277777777777779,0.0,0.0,0.0
eta_plus20,707,baseline,15.277777777777779,0.0,0.0,0.0
eta_plus20,808,heatwave,10.416666666666668,0.0,0.3472222222222222,0.0
eta_plus20,808,overproduction,8.333333333333332,0.0,0.0,0.3472222222222222
eta_plus20,808,cyber_outage,7.986111111111111,0.0,0.0,0.0
eta_plus20,808,adaptive_pricing,11.11111111111111,0.0,0.0,0.0
eta_plus20,808,baseline,15.625,0.0,0.0,0.0
eta_plus20,909,heatwave,14.583333333333334,0.0,0.0,0.0
eta_plus20,909,overproduction,5.902777777777778,0.0,0.0,0.0
eta_plus20,909,cyber_outage,11.458333333333332,0.0,0.0,0.0
eta_plus20,909,adaptive_pricing,12.152777777777777,0.0,0.0,0.0
eta_plus20,909,baseline,6.597222222222222,0.0,0.0,0.0
eta_plus20,1010,heatwave,12.152777777777777,0.0,0.0,0.0
eta_plus20,1010,overproduction,13.194444444444445,0.0,0.0,0.0
eta_plus20,1010,cyber_outage,10.069444444444445,0.0,0.0,0.0
eta_plus20,1010,adaptive_pricing,15.277777777777779,0.0,0.0,0.0
eta_plus20,1010,baseline,10.76388888888889,0.0,0.0,0.0
eta_plus20,1111,heatwave,12.847222222222221,0.0,0.0,0.3472222222222222
eta_plus20,1111,overproduction,17.36111111111111,0.0,0.0,0.0
eta_plus20,1111,cyber_outage,11.458333333333332,0.0,0.0,0.3472222222222222
eta_plus20,1111,adaptive_pricing,15.625,0.0,0.0,0.0
eta_plus20,1111,baseline,16.666666666666664,0.0,0.0,0.0
eta_plus20,1212,heatwave,10.069444444444445,0.0,0.0,0.0
eta_plus20,1212,overproduction,10.416666666666668,0.0,0.0,0.0
eta_plus20,1212,cyber_outage,6.944444444444445,0.0,0.0,0.0
eta_plus20,1212,adaptive_pricing,12.5,0.0,0.0,0.0
eta_plus20,1212,baseline,18.055555555555554,0.0,0.0,0.0
eta_plus20,1313,heatwave,15.972222222222221,0.0,0.3472222222222222,0.0
eta_plus20,1313,overproduction,17.01388888888889,0.0,0.0,0.0
eta_plus20,1313,cyber_outage,12.152777777777777,0.0,0.0,0.0
eta_plus20,1313,adaptive_pricing,7.986111111111111,0.0,0.3472222222222222,0.0
eta_plus20,1313,baseline,18.40277777777778,0.0,0.0,0.0
eta_plus20,1414,heatwave,9.375,0.0,0.0,0.0
eta_plus20,1414,overproduction,9.375,0.0,0.0,0.0
eta_plus20,1414,cyber_outage,10.416666666666668,0.0,0.0,0.0
eta_plus20,1414,adaptive_pricing,10.76388888888889,0.0,0.0,0.0
eta_plus20,1414,baseline,12.847222222222221,0.0,0.0,0.0
eta_plus20,1515,heatwave,12.5,0.0,0.0,0.0
eta_plus20,1515,overproduction,13.194444444444445,0.0,0.0,0.0
eta_plus20,1515,cyber_outage,11.805555555555555,0.0,0.0,0.0
eta_plus20,1515,adaptive_pricing,14.23611111111111,0.0,0.0,0.0
eta_plus20,1515,baseline,18.055555555555554,0.0,0.0,0.3472222222222222
eta_rho_minus20,42,heatwave,13.194444444444445,0.0,0.0,0.3472222222222222
eta_rho_minus20,42,overproduction,11.458333333333332,0.0,0.0,0.0
eta_rho_minus20,42,cyber_outage,11.458333333333332,0.0,0.0,0.0
eta_rho_minus20,42,adaptive_pricing,15.277777777777779,0.0,0.0,0.0
eta_rho_minus20,42,baseline,12.152777777777777,0.0,0.0,0.0
eta_rho_minus20,1337,heatwave,13.194444444444445,0.0,0.0,0.0
eta_rho_minus20,1337,overproduction,11.11111111111111,0.0,0.0,0.0
eta_rho_minus20,1337,cyber_outage,11.11111111111111,0.0,0.0,0.0
eta_rho_minus20,1337,adaptive_pricing,13.541666666666666,0.0,0.0,0.0
eta_rho_minus20,1337,baseline,12.5,0.0,0.0,0.0
eta_rho_minus20,2024,heatwave,16.666666666666664,0.0,0.0,0.3472222222222222
eta_rho_minus20,2024,overproduction,16.319444444444446,0.0,0.0,0.0
eta_rho_minus20,2024,cyber_outage,11.458333333333332,0.0,0.0,0.0
eta_rho_minus20,2024,adaptive_pricing,12.847222222222221,0.0,0.0,0.0
eta_rho_minus20,2024,baseline,15.625,0.0,0.0,0.0
eta_rho_minus20,7,heatwave,9.027777777777777,0.0,0.0,0.0
eta_rho_minus20,7,overproduction,10.76388888888889,0.0,0.0,0.0
eta_rho_minus20,7,cyber_outage,9.027777777777777,0.0,0.0,0.0
eta_rho_minus20,7,adaptive_pricing,10.069444444444445,0.0,0.0,0.0
eta_rho_minus20,7,baseline,14.930555555555555,0.0,0.0,0.0
eta_rho_minus20,99,heatwave,15.277777777777779,0.0,0.0,0.0
eta_rho_minus20,99,overproduction,12.5,0.0,0.0,0.0
eta_rho_minus20,99,cyber_outage,11.11111111111111,0.0,0.0,0.0
eta_rho_minus20,99,adaptive_pricing,18.40277777777778,0.0,0.0,0.0
eta_rho_minus20,99,baseline,15.972222222222221,0.0,0.0,0.0
eta_rho_minus20,101,heatwave,11.805555555555555,0.0,0.0,0.0
eta_rho_minus20,101,overproduction,9.027777777777777,0.0,0.0,0.0
eta_rho_minus20,101,cyber_outage,8.333333333333332,0.0,0.0,0.0
eta_rho_minus20,101,adaptive_pricing,12.152777777777777,0.0,0.0,0.0
eta_rho_minus20,101,baseline,14.583333333333334,0.0,0.0,0.0
eta_rho_minus20,202,heatwave,14.583333333333334,0.0,0.0,0.0
eta_rho_minus20,202,overproduction,12.847222222222221,0.0,0.0,0.0
eta_rho_minus20,202,cyber_outage,13.541666666666666,0.0,0.0,0.0
eta_rho_minus20,202,adaptive_pricing,14.583333333333334,0.0,0.0,0.0
eta_rho_minus20,202,baseline,17.36111111111111,0.0,0.0,0.0
eta_rho_minus20,303,heatwave,13.541666666666666,0.0,0.0,0.0
eta_rho_minus20,303,overproduction,12.847222222222221,0.0,0.0,0.0
eta_rho_minus20,303,cyber_outage,11.458333333333332,0.0,0.0,0.0
eta_rho_minus20,303,adaptive_pricing,15.625,0.0,0.0,0.0
eta_rho_minus20,303,baseline,15.972222222222221,0.0,0.0,0.0
eta_rho_minus20,404,heatwave,14.930555555555555,0.0,0.0,0.0
eta_rho_minus20,404,overproduction,15.625,0.0,0.0,0.0
eta_rho_minus20,404,cyber_outage,14.930555555555555,0.0,0.0,0.0
eta_rho_minus20,404,adaptive_pricing,14.930555555555555,0.0,0.0,0.0
eta_rho_minus20,404,baseline,15.972222222222221,0.0,0.0,0.0
eta_rho_minus20,505,heatwave,11.805555555555555,0.0,0.0,0.0
eta_rho_minus20,505,overproduction,12.847222222222221,0.0,0.0,0.0
eta_rho_minus20,505,cyber_outage,9.722222222222223,0.0,0.0,0.0
eta_rho_minus20,505,adaptive_pricing,14.583333333333334,0.0,0.0,0.0
eta_rho_minus20,505,baseline,14.583333333333334,0.0,0.0,0.0
eta_rho_minus20,606,heatwave,11.11111111111111,0.0,0.0,0.0
eta_rho_minus20,606,overproduction,13.194444444444445,0.0,0.0,0.0
eta_rho_minus20,606,cyber_outage,11.458333333333332,0.0,0.0,0.0
eta_rho_minus20,606,adaptive_pricing,15.277777777777779,0.0,0.0,0.0
eta_rho_minus20,606,baseline,17.01388888888889,0.0,0.0,0.0
eta_rho_minus20,707,heatwave,11.11111111111111,0.0,0.0,0.0
eta_rho_minus20,707,overproduction,18.75,0.0,0.0,0.0
eta_rho_minus20,707,cyber_outage,12.152777777777777,0.0,0.0,0.0
eta_rho_minus20,707,adaptive_pricing,15.277777777777779,0.0,0.0,0.0
eta_rho_minus20,707,baseline,15.277777777777779,0.0,0.0,0.0
eta_rho_minus20,808,heatwave,10.76388888888889,0.0,0.0,0.0
eta_rho_minus20,808,overproduction,7.986111111111111,0.0,0.0,0.0
eta_rho_minus20,808,cyber_outage,7.986111111111111,0.0,0.0,0.0
eta_rho_minus20,808,adaptive_pricing,11.11111111111111,0.0,0.0,0.0
eta_rho_minus20,808,baseline,15.625,0.0,0.0,0.0
eta_rho_minus20,909,heatwave,14.583333333333334,0.0,0.0,0.0
eta_rho_minus20,909,overproduction,5.902777777777778,0.0,0.0,0.0
eta_rho_minus20,909,cyber_outage,11.458333333333332,0.0,0.0,0.0
eta_rho_minus20,909,adaptive_pricing,12.152777777777777,0.0,0.0,0.0
eta_rho_minus20,909,baseline,6.597222222222222,0.0,0.0,0.0
eta_rho_minus20,1010,heatwave,12.152777777777777,0.0,0.0,0.0
eta_rho_minus20,1010,overproduction,13.194444444444445,0.0,0.0,0.0
eta_rho_minus20,1010,cyber_outage,10.069444444444445,0.0,0.0,0.0
eta_rho_minus20,1010,adaptive_pricing,15.277777777777779,0.0,0.0,0.0
eta_rho_minus20,1010,baseline,10.76388888888889,0.0,0.0,0.0
eta_rho_minus20,1111,heatwave,12.5,0.0,0.0,0.0
eta_rho_minus20,1111,overproduction,17.36111111111111,0.0,0.0,0.0
eta_rho_minus20,1111,cyber_outage,11.11111111111111,0.0,0.0,0.0
eta_rho_minus20,1111,adaptive_pricing,15.625,0.0,0.0,0.0
eta_rho_minus20,1111,baseline,16.666666666666664,0.0,0.0,0.0
eta_rho_minus20,1212,heatwave,10.069444444444445,0.0,0.0,0.0
eta_rho_minus20,1212,overproduction,10.416666666666668,0.0,0.0,0.0
eta_rho_minus20,1212,cyber_outage,6.944444444444445,0.0,0.0,0.0
eta_rho_minus20,1212,adaptive_pricing,12.5,0.0,0.0,0.0
eta_rho_minus20,1212,baseline,18.055555555555554,0.0,0.0,0.0
eta_rho_minus20,1313,heatwave,15.972222222222221,0.0,0.0,0.3472222222222222
eta_rho_minus20,1313,overproduction,17.36111111111111,0.0,0.0,0.3472222222222222
eta_rho_minus20,1313,cyber_outage,12.152777777777777,0.0,0.0,0.0
eta_rho_minus20,1313,adaptive_pricing,8.333333333333332,0.0,0.0,0.0
eta_rho_minus20,1313,baseline,18.40277777777778,0.0,0.0,0.0
eta_rho_minus20,1414,heatwave,9.375,0.0,0.0,0.0
eta_rho_minus20,1414,overproduction,9.375,0.0,0.0,0.0
eta_rho_minus20,1414,cyber_outage,10.416666666666668,0.0,0.0,0.0
eta_rho_minus20,1414,adaptive_pricing,10.76388888888889,0.0,0.0,0.0
eta_rho_minus20,1414,baseline,12.847222222222221,0.0,0.0,0.0
eta_rho_minus20,1515,heatwave,12.5,0.0,0.0,0.0
eta_rho_minus20,1515,overproduction,13.194444444444445,0.0,0.0,0.0
eta_rho_minus20,1515,cyber_outage,11.805555555555555,0.0,0.0,0.0
eta_rho_minus20,1515,adaptive_pricing,14.23611111111111,0.0,0.0,0.0
eta_rho_minus20,1515,baseline,17.708333333333336,0.0,0.0,0.0
eta_rho_plus20,42,heatwave,13.541666666666666,0.0,0.0,0.0
eta_rho_plus20,42,overproduction,11.458333333333332,0.0,0.0,0.0
eta_rho_plus20,42,cyber_outage,11.458333333333332,0.0,0.0,0.0
eta_rho_plus20,42,adaptive_pricing,15.277777777777779,0.0,0.0,0.0
eta_rho_plus20,42,baseline,12.152777777777777,0.0,0.0,0.0
eta_rho_plus20,1337,heatwave,13.541666666666666,0.0,0.3472222222222222,0.0
eta_rho_plus20,1337,overproduction,11.11111111111111,0.0,0.0,0.0
eta_rho_plus20,1337,cyber_outage,11.11111111111111,0.0,0.0,0.0
eta_rho_plus20,1337,adaptive_pricing,13.541666666666666,0.0,0.0,0.0
eta_rho_plus20,1337,baseline,12.5,0.0,0.0,0.0
eta_rho_plus20,2024,heatwave,17.01388888888889,0.0,0.0,0.0
eta_rho_plus20,2024,overproduction,16.319444444444446,0.0,0.0,0.0
eta_rho_plus20,2024,cyber_outage,11.458333333333332,0.0,0.0,0.0
eta_rho_plus20,2024,adaptive_pricing,12.847222222222221,0.0,0.0,0.0
eta_rho_plus20,2024,baseline,15.625,0.0,0.0,0.0
eta_rho_plus20,7,heatwave,9.027777777777777,0.0,0.0,0.0
eta_rho_plus20,7,overproduction,10.76388888888889,0.0,0.0,0.0
eta_rho_plus20,7,cyber_outage,9.027777777777777,0.0,0.0,0.0
eta_rho_plus20,7,adaptive_pricing,10.069444444444445,0.0,0.0,0.0
eta_rho_plus20,7,baseline,14.930555555555555,0.0,0.0,0.0
eta_rho_plus20,99,heatwave,15.277777777777779,0.0,0.0,0.0
eta_rho_plus20,99,overproduction,12.5,0.0,0.0,0.0
eta_rho_plus20,99,cyber_outage,11.11111111111111,0.0,0.0,0.0
eta_rho_plus20,99,adaptive_pricing,18.40277777777778,0.0,0.0,0.0
eta_rho_plus20,99,baseline,15.972222222222221,0.0,0.0,0.0
eta_rho_plus20,101,heatwave,11.805555555555555,0.0,0.0,0.0
eta_rho_plus20,101,overproduction,9.027777777777777,0.0,0.0,0.0
eta_rho_plus20,101,cyber_outage,8.333333333333332,0.0,0.0,0.0
eta_rho_plus20,101,adaptive_pricing,12.152777777777777,0.0,0.0,0.0
eta_rho_plus20,101,baseline,14.583333333333334,0.0,0.0,0.0
eta_rho_plus20,202,heatwave,14.583333333333334,0.0,0.0,0.0
eta_rho_plus20,202,overproduction,12.847222222222221,0.0,0.0,0.0
eta_rho_plus20,202,cyber_outage,13.541666666666666,0.0,0.0,0.0
eta_rho_plus20,202,adaptive_pricing,14.583333333333334,0.0,0.0,0.0
eta_rho_plus20,202,baseline,17.36111111111111,0.0,0.0,0.0
eta_rho_plus20,303,heatwave,13.541666666666666,0.0,0.0,0.0
eta_rho_plus20,303,overproduction,12.847222222222221,0.0,0.0,0.0
eta_rho_plus20,303,cyber_outage,11.458333333333332,0.0,0.0,0.0
eta_rho_plus20,303,adaptive_pricing,15.625,0.0,0.0,0.0
eta_rho_plus20,303,baseline,15.972222222222221,0.0,0.0,0.0
eta_rho_plus20,404,heatwave,14.583333333333334,0.0,0.3472222222222222,0.0
eta_rho_plus20,404,overproduction,15.625,0.0,0.0,0.0
eta_rho_plus20,404,cyber_outage,14.930555555555555,0.0,0.0,0.0
eta_rho_plus20,404,adaptive_pricing,14.930555555555555,0.0,0.0,0.0
eta_rho_plus20,404,baseline,15.972222222222221,0.0,0.0,0.0
eta_rho_plus20,505,heatwave,11.458333333333332,0.0,0.0,0.3472222222222222
eta_rho_plus20,505,overproduction,12.847222222222221,0.0,0.0,0.0
eta_rho_plus20,505,cyber_outage,9.722222222222223,0.0,0.0,0.0
eta_rho_plus20,505,adaptive_pricing,14.583333333333334,0.0,0.0,0.0
eta_rho_plus20,505,baseline,14.583333333333334,0.0,0.0,0.0
eta_rho_plus20,606,heatwave,11.11111111111111,0.0,0.0,0.0
eta_rho_plus20,606,overproduction,13.194444444444445,0.0,0.0,0.0
eta_rho_plus20,606,cyber_outage,11.458333333333332,0.0,0.0,0.0
eta_rho_plus20,606,adaptive_pricing,15.277777777777779,0.0,0.0,0.0
eta_rho_plus20,606,baseline,17.01388888888889,0.0,0.0,0.0
eta_rho_plus20,707,heatwave,11.11111111111111,0.0,0.0,0.0
eta_rho_plus20,707,overproduction,18.75,0.0,0.0,0.0
eta_rho_plus20,707,cyber_outage,12.152777777777777,0.0,0.0,0.0
eta_rho_plus20,707,adaptive_pricing,15.277777777777779,0.0,0.0,0.0
eta_rho_plus20,707,baseline,15.277777777777779,0.0,0.0,0.0
eta_rho_plus20,808,heatwave,10.76388888888889,0.0,0.0,0.0
eta_rho_plus20,808,overproduction,7.986111111111111,0.0,0.0,0.0
eta_rho_plus20,808,cyber_outage,7.986111111111111,0.0,0.0,0.0
eta_rho_plus20,808,adaptive_pricing,11.11111111111111,0.0,0.0,0.0
eta_rho_plus20,808,baseline,15.625,0.0,0.0,0.0
eta_rho_plus20,909,heatwave,14.583333333333334,0.0,0.0,0.0
eta_rho_plus20,909,overproduction,5.902777777777778,0.0,0.0,0.0
eta_rho_plus20,909,cyber_outage,11.458333333333332,0.0,0.0,0.0
eta_rho_plus20,909,adaptive_pricing,12.152777777777777,0.0,0.0,0.0
eta_rho_plus20,909,baseline,6.597222222222222,0.0,0.0,0.0
eta_rho_plus20,1010,heatwave,12.152777777777777,0.0,0.0,0.0
eta_rho_plus20,1010,overproduction,13.194444444444445,0.0,0.0,0.0
eta_rho_plus20,1010,cyber_outage,10.069444444444445,0.0,0.0,0.0
eta_rho_plus20,1010,adaptive_pricing,15.277777777777779,0.0,0.0,0.0
eta_rho_plus20,1010,baseline,10.76388888888889,0.0,0.0,0.0
eta_rho_plus20,1111,heatwave,12.5,0.0,0.0,0.0
eta_rho_plus20,1111,overproduction,17.36111111111111,0.0,0.0,0.0
eta_rho_plus20,1111,cyber_outage,11.11111111111111,0.0,0.0,0.0
eta_rho_plus20,1111,adaptive_pricing,15.625,0.0,0.0,0.0
eta_rho_plus20,1111,baseline,16.666666666666664,0.0,0.0,0.0
eta_rho_plus20,1212,heatwave,10.069444444444445,0.0,0.0,0.0
eta_rho_plus20,1212,overproduction,10.416666666666668,0.0,0.0,0.0
eta_rho_plus20,1212,cyber_outage,6.944444444444445,0.0,0.0,0.0
eta_rho_plus20,1212,adaptive_pricing,12.5,0.0,0.0,0.0
eta_rho_plus20,1212,baseline,18.055555555555554,0.0,0.0,0.0
eta_rho_plus20,1313,heatwave,16.319444444444446,0.0,0.0,0.0
eta_rho_plus20,1313,overproduction,17.01388888888889,0.0,0.0,0.0
eta_rho_plus20,1313,cyber_outage,12.152777777777777,0.0,0.0,0.0
eta_rho_plus20,1313,adaptive_pricing,8.333333333333332,0.0,0.0,0.0
eta_rho_plus20,1313,baseline,18.40277777777778,0.0,0.0,0.0
eta_rho_plus20,1414,heatwave,9.375,0.0,0.0,0.0
eta_rho_plus20,1414,overproduction,9.375,0.0,0.0,0.0
eta_rho_plus20,1414,cyber_outage,10.416666666666668,0.0,0.0,0.0
eta_rho_plus20,1414,adaptive_pricing,10.76388888888889,0.0,0.0,0.0
eta_rho_plus20,1414,baseline,12.847222222222221,0.0,0.0,0.0
eta_rho_plus20,1515,heatwave,12.5,0.0,0.0,0.0
eta_rho_plus20,1515,overproduction,13.194444444444445,0.0,0.0,0.0
eta_rho_plus20,1515,cyber_outage,11.805555555555555,0.0,0.0,0.0
eta_rho_plus20,1515,adaptive_pricing,14.23611111111111,0.0,0.0,0.0
eta_rho_plus20,1515,baseline,17.708333333333336,0.0,0.0,0.0
joint10_A,42,heatwave,13.194444444444445,0.0,3.4722222222222223,1.7361111111111112
joint10_A,42,overproduction,9.375,0.0,2.7777777777777777,0.0
joint10_A,42,cyber_outage,11.11111111111111,0.0,3.125,1.3888888888888888
joint10_A,42,adaptive_pricing,14.583333333333334,0.0,2.083333333333333,2.083333333333333
joint10_A,42,baseline,12.5,0.0,2.7777777777777777,2.430555555555556
joint10_A,1337,heatwave,11.11111111111111,0.0,2.7777777777777777,1.3888888888888888
joint10_A,1337,overproduction,9.722222222222223,0.0,2.430555555555556,1.0416666666666665
joint10_A,1337,cyber_outage,12.152777777777777,0.0,2.083333333333333,2.430555555555556
joint10_A,1337,adaptive_pricing,13.194444444444445,0.0,3.125,2.083333333333333
joint10_A,1337,baseline,12.847222222222221,0.0,2.430555555555556,3.4722222222222223
joint10_A,2024,heatwave,18.75,0.0,1.0416666666666665,3.4722222222222223
joint10_A,2024,overproduction,16.319444444444446,0.0,1.7361111111111112,1.7361111111111112
joint10_A,2024,cyber_outage,10.069444444444445,0.0,2.083333333333333,1.3888888888888888
joint10_A,2024,adaptive_pricing,14.930555555555555,0.0,5.208333333333334,2.430555555555556
joint10_A,2024,baseline,15.972222222222221,0.0,1.7361111111111112,2.083333333333333
joint10_A,7,heatwave,10.069444444444445,0.0,1.3888888888888888,1.7361111111111112
joint10_A,7,overproduction,10.416666666666668,0.0,1.3888888888888888,1.0416666666666665
joint10_A,7,cyber_outage,9.027777777777777,0.0,0.6944444444444444,0.6944444444444444
joint10_A,7,adaptive_pricing,10.76388888888889,0.0,2.7777777777777777,2.7777777777777777
joint10_A,7,baseline,13.194444444444445,0.0,3.4722222222222223,1.0416666666666665
joint10_A,99,heatwave,12.152777777777777,0.0,2.083333333333333,1.7361111111111112
joint10_A,99,overproduction,12.847222222222221,0.0,2.7777777777777777,1.7361111111111112
joint10_A,99,cyber_outage,11.11111111111111,0.0,2.430555555555556,2.430555555555556
joint10_A,99,adaptive_pricing,16.319444444444446,0.0,3.125,1.7361111111111112
joint10_A,99,baseline,16.319444444444446,0.0,2.083333333333333,1.7361111111111112
joint10_A,101,heatwave,10.76388888888889,0.0,3.4722222222222223,1.7361111111111112
joint10_A,101,overproduction,8.680555555555555,0.0,1.7361111111111112,1.3888888888888888
joint10_A,101,cyber_outage,9.027777777777777,0.0,2.7777777777777777,2.083333333333333
joint10_A,101,adaptive_pricing,11.458333333333332,0.0,1.3888888888888888,0.6944444444444444
joint10_A,101,baseline,14.930555555555555,0.0,2.083333333333333,1.0416666666666665
joint10_A,202,heatwave,12.5,0.0,2.7777777777777777,0.6944444444444444
joint10_A,202,overproduction,11.805555555555555,0.0,3.125,2.083333333333333
joint10_A,202,cyber_outage,11.458333333333332,0.0,3.8194444444444446,1.7361111111111112
joint10_A,202,adaptive_pricing,15.277777777777779,0.0,0.6944444444444444,1.3888888888888888
joint10_A,202,baseline,17.36111111111111,0.0,3.125,1.0416666666666665
joint10_A,303,heatwave,11.458333333333332,0.0,3.125,1.0416666666666665
joint10_A,303,overproduction,12.152777777777777,0.0,2.430555555555556,1.0416666666666665
joint10_A,303,cyber_outage,10.76388888888889,0.0,2.7777777777777777,2.083333333333333
joint10_A,303,adaptive_pricing,15.625,0.0,3.4722222222222223,2.083333333333333
joint10_A,303,baseline,15.277777777777779,0.0,4.166666666666666,1.3888888888888888
joint10_A,404,heatwave,14.583333333333334,0.0,3.125,2.083333333333333
joint10_A,404,overproduction,15.277777777777779,0.0,1.3888888888888888,0.3472222222222222
joint10_A,404,cyber_outage,12.847222222222221,0.0,4.513888888888888,1.0416666666666665
joint10_A,404,adaptive_pricing,16.666666666666664,0.0,2.083333333333333,0.3472222222222222
joint10_A,404,baseline,14.23611111111111,0.0,3.4722222222222223,1.7361111111111112
joint10_A,505,heatwave,11.805555555555555,0.0,3.125,1.7361111111111112
joint10_A,505,overproduction,9.722222222222223,0.0,2.7777777777777777,1.0416666666666665
joint10_A,505,cyber_outage,11.458333333333332,0.0,1.3888888888888888,2.430555555555556
joint10_A,505,adaptive_pricing,14.23611111111111,0.0,2.7777777777777777,1.7361111111111112
joint10_A,505,baseline,14.23611111111111,0.0,1.0416666666666665,1.3888888888888888
joint10_A,606,heatwave,11.11111111111111,0.0,3.125,1.7361111111111112
joint10_A,606,overproduction,13.194444444444445,0.0,1.0416666666666665,1.7361111111111112
joint10_A,606,cyber_outage,10.416666666666668,0.0,2.430555555555556,0.6944444444444444
joint10_A,606,adaptive_pricing,16.666666666666664,0.0,2.430555555555556,1.7361111111111112
joint10_A,606,baseline,17.708333333333336,0.0,1.7361111111111112,1.0416666666666665
joint10_A,707,heatwave,10.76388888888889,0.0,1.7361111111111112,2.7777777777777777
joint10_A,707,overproduction,17.36111111111111,0.0,2.430555555555556,1.0416666666666665
joint10_A,707,cyber_outage,13.541666666666666,0.0,3.4722222222222223,2.7777777777777777
joint10_A,707,adaptive_pricing,14.930555555555555,0.0,3.4722222222222223,3.125
joint10_A,707,baseline,14.583333333333334,0.0,1.3888888888888888,1.3888888888888888
joint10_A,808,heatwave,12.152777777777777,0.0,1.7361111111111112,2.430555555555556
joint10_A,808,overproduction,7.986111111111111,0.0,2.083333333333333,1.3888888888888888
joint10_A,808,cyber_outage,9.027777777777777,0.0,1.3888888888888888,1.7361111111111112
joint10_A,808,adaptive_pricing,11.805555555555555,0.0,2.083333333333333,2.083333333333333
joint10_A,808,baseline,15.277777777777779,0.0,3.125,1.3888888888888888
joint10_A,909,heatwave,12.847222222222221,0.0,3.4722222222222223,3.125
joint10_A,909,overproduction,5.902777777777778,0.0,1.0416666666666665,1.7361111111111112
joint10_A,909,cyber_outage,10.76388888888889,0.0,1.7361111111111112,2.430555555555556
joint10_A,909,adaptive_pricing,12.5,0.0,1.3888888888888888,1.7361111111111112
joint10_A,909,baseline,6.944444444444445,0.0,1.0416666666666665,0.6944444444444444
joint10_A,1010,heatwave,13.194444444444445,0.0,0.0,1.7361111111111112
joint10_A,1010,overproduction,10.069444444444445,0.0,3.4722222222222223,1.0416666666666665
joint10_A,1010,cyber_outage,9.722222222222223,0.0,5.902777777777778,2.083333333333333
joint10_A,1010,adaptive_pricing,15.625,0.0,3.125,1.3888888888888888
joint10_A,1010,baseline,11.805555555555555,0.0,1.3888888888888888,3.125
joint10_A,1111,heatwave,11.11111111111111,0.0,3.4722222222222223,2.083333333333333
joint10_A,1111,overproduction,15.625,0.0,3.125,2.083333333333333
joint10_A,1111,cyber_outage,11.458333333333332,0.0,1.0416666666666665,1.3888888888888888
joint10_A,1111,adaptive_pricing,15.972222222222221,0.0,3.125,1.3888888888888888
joint10_A,1111,baseline,16.319444444444446,0.0,1.0416666666666665,0.0
joint10_A,1212,heatwave,9.375,0.0,2.430555555555556,1.0416666666666665
joint10_A,1212,overproduction,10.416666666666668,0.0,2.083333333333333,1.3888888888888888
joint10_A,1212,cyber_outage,6.944444444444445,0.0,3.125,1.7361111111111112
joint10_A,1212,adaptive_pricing,13.194444444444445,0.0,1.0416666666666665,1.7361111111111112
joint10_A,1212,baseline,18.055555555555554,0.0,2.430555555555556,1.7361111111111112
joint10_A,1313,heatwave,14.930555555555555,0.0,3.8194444444444446,2.430555555555556
joint10_A,1313,overproduction,16.319444444444446,0.0,1.7361111111111112,1.7361111111111112
joint10_A,1313,cyber_outage,11.458333333333332,0.0,2.430555555555556,3.8194444444444446
joint10_A,1313,adaptive_pricing,9.027777777777777,0.0,1.3888888888888888,0.6944444444444444
joint10_A,1313,baseline,17.708333333333336,0.0,3.4722222222222223,2.7777777777777777
joint10_A,1414,heatwave,9.375,0.0,1.7361111111111112,1.7361111111111112
joint10_A,1414,overproduction,9.375,0.0,1.3888888888888888,1.3888888888888888
joint10_A,1414,cyber_outage,10.76388888888889,0.0,1.7361111111111112,2.083333333333333
joint10_A,1414,adaptive_pricing,12.5,0.0,1.7361111111111112,2.083333333333333
joint10_A,1414,baseline,13.88888888888889,0.0,1.0416666666666665,0.6944444444444444
joint10_A,1515,heatwave,12.847222222222221,0.0,2.7777777777777777,2.430555555555556
joint10_A,1515,overproduction,12.847222222222221,0.0,2.7777777777777777,3.125
joint10_A,1515,cyber_outage,11.805555555555555,0.0,1.3888888888888888,1.3888888888888888
joint10_A,1515,adaptive_pricing,13.194444444444445,0.0,2.083333333333333,1.0416666666666665
joint10_A,1515,baseline,16.319444444444446,0.0,3.8194444444444446,2.430555555555556
joint10_B,42,heatwave,14.583333333333334,0.0,3.4722222222222223,1.7361111111111112
joint10_B,42,overproduction,11.458333333333332,0.0,2.083333333333333,2.083333333333333
joint10_B,42,cyber_outage,11.11111111111111,0.0,1.3888888888888888,2.430555555555556
joint10_B,42,adaptive_pricing,13.88888888888889,0.0,1.3888888888888888,2.083333333333333
joint10_B,42,baseline,12.847222222222221,0.0,2.7777777777777777,0.6944444444444444
joint10_B,1337,heatwave,13.541666666666666,0.0,3.4722222222222223,2.430555555555556
joint10_B,1337,overproduction,11.11111111111111,0.0,2.083333333333333,1.3888888888888888
joint10_B,1337,cyber_outage,9.027777777777777,0.0,1.3888888888888888,2.083333333333333
joint10_B,1337,adaptive_pricing,12.152777777777777,0.0,4.166666666666666,2.083333333333333
joint10_B,1337,baseline,12.5,0.0,2.083333333333333,3.4722222222222223
joint10_B,2024,heatwave,18.055555555555554,0.0,4.861111111111112,2.430555555555556
joint10_B,2024,overproduction,17.01388888888889,0.0,2.430555555555556,1.7361111111111112
joint10_B,2024,cyber_outage,11.805555555555555,0.0,3.125,2.083333333333333
joint10_B,2024,adaptive_pricing,12.847222222222221,0.0,3.125,1.7361111111111112
joint10_B,2024,baseline,13.88888888888889,0.0,2.430555555555556,1.3888888888888888
joint10_B,7,heatwave,10.416666666666668,0.0,2.430555555555556,2.430555555555556
joint10_B,7,overproduction,13.194444444444445,0.0,4.166666666666666,1.7361111111111112
joint10_B,7,cyber_outage,9.027777777777777,0.0,2.083333333333333,2.083333333333333
joint10_B,7,adaptive_pricing,8.680555555555555,0.0,1.3888888888888888,2.083333333333333
joint10_B,7,baseline,13.541666666666666,0.0,1.3888888888888888,2.7777777777777777
joint10_B,99,heatwave,17.36111111111111,0.0,5.902777777777778,1.0416666666666665
joint10_B,99,overproduction,12.847222222222221,0.0,2.7777777777777777,2.430555555555556
joint10_B,99,cyber_outage,10.416666666666668,0.0,1.3888888888888888,1.3888888888888888
joint10_B,99,adaptive_pricing,15.277777777777779,0.0,2.7777777777777777,5.902777777777778
joint10_B,99,baseline,13.88888888888889,0.0,3.4722222222222223,2.083333333333333
joint10_B,101,heatwave,13.194444444444445,0.0,2.7777777777777777,0.6944444444444444
joint10_B,101,overproduction,10.416666666666668,0.0,2.430555555555556,1.0416666666666665
joint10_B,101,cyber_outage,7.986111111111111,0.0,2.083333333333333,2.430555555555556
joint10_B,101,adaptive_pricing,11.805555555555555,0.0,0.6944444444444444,2.430555555555556
joint10_B,101,baseline,15.972222222222221,0.0,1.7361111111111112,1.7361111111111112
joint10_B,202,heatwave,14.930555555555555,0.0,2.430555555555556,2.7777777777777777
joint10_B,202,overproduction,11.11111111111111,0.0,1.7361111111111112,2.7777777777777777
joint10_B,202,cyber_outage,13.194444444444445,0.0,2.083333333333333,1.7361111111111112
joint10_B,202,adaptive_pricing,14.930555555555555,0.0,1.3888888888888888,0.3472222222222222
joint10_B,202,baseline,15.625,0.0,1.7361111111111112,3.4722222222222223
joint10_B,303,heatwave,14.23611111111111,0.0,3.8194444444444446,1.0416666666666665
joint10_B,303,overproduction,13.88888888888889,0.0,2.430555555555556,0.6944444444444444
joint10_B,303,cyber_outage,11.805555555555555,0.0,3.4722222222222223,3.125
joint10_B,303,adaptive_pricing,16.666666666666664,0.0,2.430555555555556,2.7777777777777777
joint10_B,303,baseline,15.277777777777779,0.0,2.083333333333333,2.083333333333333
joint10_B,404,heatwave,12.847222222222221,0.0,2.083333333333333,2.083333333333333
joint10_B,404,overproduction,14.583333333333334,0.0,3.125,3.4722222222222223
joint10_B,404,cyber_outage,13.541666666666666,0.0,3.125,2.430555555555556
joint10_B,404,adaptive_pricing,14.930555555555555,0.0,2.7777777777777777,2.083333333333333
joint10_B,404,baseline,15.972222222222221,0.0,1.3888888888888888,1.3888888888888888
joint10_B,505,heatwave,13.541666666666666,0.0,3.8194444444444446,2.083333333333333
joint10_B,505,overproduction,14.23611111111111,0.0,1.7361111111111112,0.3472222222222222
joint10_B,505,cyber_outage,9.722222222222223,0.0,1.3888888888888888,1.3888888888888888
joint10_B,505,adaptive_pricing,14.930555555555555,0.0,1.3888888888888888,2.430555555555556
joint10_B,505,baseline,14.930555555555555,0.0,1.7361111111111112,1.3888888888888888
joint10_B,606,heatwave,11.805555555555555,0.0,2.7777777777777777,1.3888888888888888
joint10_B,606,overproduction,14.23611111111111,0.0,2.430555555555556,2.083333333333333
joint10_B,606,cyber_outage,10.416666666666668,0.0,1.3888888888888888,1.0416666666666665
joint10_B,606,adaptive_pricing,16.319444444444446,0.0,3.4722222222222223,1.0416666666666665
joint10_B,606,baseline,17.36111111111111,0.0,2.7777777777777777,1.7361111111111112
joint10_B,707,heatwave,12.152777777777777,0.0,1.3888888888888888,1.0416666666666665
joint10_B,707,overproduction,20.833333333333336,0.0,2.430555555555556,2.430555555555556
joint10_B,707,cyber_outage,11.805555555555555,0.0,3.4722222222222223,3.125
joint10_B,707,adaptive_pricing,17.01388888888889,0.0,2.430555555555556,2.7777777777777777
joint10_B,707,baseline,15.625,0.0,1.7361111111111112,0.6944444444444444
joint10_B,808,heatwave,12.5,0.0,6.944444444444445,1.7361111111111112
joint10_B,808,overproduction,9.375,0.0,2.083333333333333,0.6944444444444444
joint10_B,808,cyber_outage,7.638888888888889,0.0,1.3888888888888888,1.0416666666666665
joint10_B,808,adaptive_pricing,10.069444444444445,0.0,0.6944444444444444,2.430555555555556
joint10_B,808,baseline,14.23611111111111,0.0,1.3888888888888888,2.7777777777777777
joint10_B,909,heatwave,14.930555555555555,0.0,2.430555555555556,2.7777777777777777
joint10_B,909,overproduction,6.25,0.0,0.6944444444444444,0.3472222222222222
joint10_B,909,cyber_outage,10.76388888888889,0.0,1.0416666666666665,1.7361111111111112
joint10_B,909,adaptive_pricing,12.5,0.0,1.7361111111111112,1.3888888888888888
joint10_B,909,baseline,7.638888888888889,0.0,1.7361111111111112,0.6944444444444444
joint10_B,1010,heatwave,12.5,0.0,3.4722222222222223,2.430555555555556
joint10_B,1010,overproduction,13.88888888888889,0.0,3.125,2.430555555555556
joint10_B,1010,cyber_outage,9.722222222222223,0.0,2.430555555555556,1.3888888888888888
joint10_B,1010,adaptive_pricing,14.583333333333334,0.0,1.7361111111111112,2.430555555555556
joint10_B,1010,baseline,10.76388888888889,0.0,2.430555555555556,1.0416666666666665
joint10_B,1111,heatwave,11.11111111111111,0.0,3.4722222222222223,2.7777777777777777
joint10_B,1111,overproduction,15.625,0.0,2.7777777777777777,3.125
joint10_B,1111,cyber_outage,11.11111111111111,0.0,3.4722222222222223,2.083333333333333
joint10_B,1111,adaptive_pricing,16.319444444444446,0.0,2.7777777777777777,1.3888888888888888
joint10_B,1111,baseline,15.972222222222221,0.0,4.513888888888888,2.430555555555556
joint10_B,1212,heatwave,9.027777777777777,0.0,2.083333333333333,2.430555555555556
joint10_B,1212,overproduction,11.458333333333332,0.0,3.4722222222222223,1.0416666666666665
joint10_B,1212,cyber_outage,8.333333333333332,0.0,0.6944444444444444,0.6944444444444444
joint10_B,1212,adaptive_pricing,12.847222222222221,0.0,2.083333333333333,1.0416666666666665
joint10_B,1212,baseline,16.319444444444446,0.0,1.3888888888888888,3.8194444444444446
joint10_B,1313,heatwave,16.666666666666664,0.0,5.208333333333334,2.083333333333333
joint10_B,1313,overproduction,17.36111111111111,0.0,3.8194444444444446,3.4722222222222223
joint10_B,1313,cyber_outage,12.847222222222221,0.0,3.125,1.7361111111111112
joint10_B,1313,adaptive_pricing,9.027777777777777,0.0,2.430555555555556,1.0416666666666665
joint10_B,1313,baseline,19.444444444444446,0.0,2.7777777777777777,1.7361111111111112
joint10_B,1414,heatwave,11.458333333333332,0.0,3.125,2.430555555555556
joint10_B,1414,overproduction,9.027777777777777,0.0,0.6944444444444444,1.0416666666666665
joint10_B,1414,cyber_outage,11.11111111111111,0.0,2.430555555555556,0.3472222222222222
joint10_B,1414,adaptive_pricing,9.375,0.0,2.7777777777777777,0.6944444444444444
joint10_B,1414,baseline,11.458333333333332,0.0,2.430555555555556,1.0416666666666665
joint10_B,1515,heatwave,14.23611111111111,0.0,2.083333333333333,0.3472222222222222
joint10_B,1515,overproduction,14.583333333333334,0.0,2.083333333333333,0.6944444444444444
joint10_B,1515,cyber_outage,10.76388888888889,0.0,1.7361111111111112,2.7777777777777777
joint10_B,1515,adaptive_pricing,14.23611111111111,0.0,1.0416666666666665,1.7361111111111112
joint10_B,1515,baseline,16.666666666666664,0.0,1.7361111111111112,2.083333333333333
joint20_A,42,heatwave,13.194444444444445,0.0,5.555555555555555,3.125
joint20_A,42,overproduction,8.680555555555555,0.0,4.513888888888888,1.0416666666666665
joint20_A,42,cyber_outage,11.11111111111111,0.0,4.513888888888888,3.4722222222222223
joint20_A,42,adaptive_pricing,14.23611111111111,0.0,3.8194444444444446,4.166666666666666
joint20_A,42,baseline,13.194444444444445,0.0,3.8194444444444446,4.166666666666666
joint20_A,1337,heatwave,9.375,0.0,4.861111111111112,3.125
joint20_A,1337,overproduction,7.986111111111111,0.0,5.208333333333334,1.3888888888888888
joint20_A,1337,cyber_outage,10.416666666666668,0.0,4.166666666666666,2.7777777777777777
joint20_A,1337,adaptive_pricing,13.88888888888889,0.0,4.861111111111112,3.8194444444444446
joint20_A,1337,baseline,12.152777777777777,0.0,4.861111111111112,5.208333333333334
joint20_A,2024,heatwave,19.09722222222222,0.0,3.4722222222222223,6.25
joint20_A,2024,overproduction,14.583333333333334,0.0,4.861111111111112,3.125
joint20_A,2024,cyber_outage,8.680555555555555,0.0,3.8194444444444446,1.7361111111111112
joint20_A,2024,adaptive_pricing,15.625,0.0,6.597222222222222,5.208333333333334
joint20_A,2024,baseline,17.708333333333336,0.0,3.4722222222222223,3.4722222222222223
joint20_A,7,heatwave,10.069444444444445,0.0,2.430555555555556,3.4722222222222223
joint20_A,7,overproduction,12.847222222222221,0.0,3.4722222222222223,2.7777777777777777
joint20_A,7,cyber_outage,10.76388888888889,0.0,2.430555555555556,4.166666666666666
joint20_A,7,adaptive_pricing,9.722222222222223,0.0,4.166666666666666,3.8194444444444446
joint20_A,7,baseline,15.277777777777779,0.0,5.902777777777778,4.166666666666666
joint20_A,99,heatwave,12.847222222222221,0.0,4.513888888888888,4.166666666666666
joint20_A,99,overproduction,9.375,0.0,6.597222222222222,2.083333333333333
joint20_A,99,cyber_outage,11.458333333333332,0.0,3.4722222222222223,3.8194444444444446
joint20_A,99,adaptive_pricing,15.972222222222221,0.0,6.944444444444445,3.125
joint20_A,99,baseline,16.319444444444446,0.0,4.513888888888888,4.861111111111112
joint20_A,101,heatwave,11.11111111111111,0.0,4.861111111111112,2.7777777777777777
joint20_A,101,overproduction,9.722222222222223,0.0,1.7361111111111112,2.430555555555556
joint20_A,101,cyber_outage,11.805555555555555,0.0,6.597222222222222,3.125
joint20_A,101,adaptive_pricing,13.194444444444445,0.0,3.8194444444444446,3.4722222222222223
joint20_A,101,baseline,14.930555555555555,0.0,3.4722222222222223,2.430555555555556
joint20_A,202,heatwave,12.847222222222221,0.0,5.208333333333334,2.7777777777777777
joint20_A,202,overproduction,10.76388888888889,0.0,5.555555555555555,2.7777777777777777
joint20_A,202,cyber_outage,11.805555555555555,0.0,5.902777777777778,2.7777777777777777
joint20_A,202,adaptive_pricing,15.972222222222221,0.0,3.4722222222222223,4.166666666666666
joint20_A,202,baseline,17.36111111111111,0.0,5.208333333333334,2.430555555555556
joint20_A,303,heatwave,11.805555555555555,0.0,4.861111111111112,1.7361111111111112
joint20_A,303,overproduction,10.416666666666668,0.0,4.513888888888888,2.083333333333333
joint20_A,303,cyber_outage,11.11111111111111,0.0,4.861111111111112,3.8194444444444446
joint20_A,303,adaptive_pricing,15.277777777777779,0.0,5.555555555555555,4.513888888888888
joint20_A,303,baseline,15.625,0.0,6.25,3.125
joint20_A,404,heatwave,14.23611111111111,0.0,5.555555555555555,3.4722222222222223
joint20_A,404,overproduction,13.541666666666666,0.0,4.166666666666666,1.3888888888888888
joint20_A,404,cyber_outage,13.541666666666666,0.0,6.597222222222222,3.8194444444444446
joint20_A,404,adaptive_pricing,15.972222222222221,0.0,3.4722222222222223,2.430555555555556
joint20_A,404,baseline,15.277777777777779,0.0,4.166666666666666,3.4722222222222223
joint20_A,505,heatwave,12.847222222222221,0.0,5.208333333333334,2.7777777777777777
joint20_A,505,overproduction,10.069444444444445,0.0,3.4722222222222223,1.3888888888888888
joint20_A,505,cyber_outage,11.805555555555555,0.0,3.4722222222222223,4.166666666666666
joint20_A,505,adaptive_pricing,14.930555555555555,0.0,4.513888888888888,3.4722222222222223
joint20_A,505,baseline,13.88888888888889,0.0,3.125,2.430555555555556
joint20_A,606,heatwave,11.11111111111111,0.0,5.208333333333334,3.125
joint20_A,606,overproduction,11.805555555555555,0.0,3.125,3.8194444444444446
joint20_A,606,cyber_outage,11.805555555555555,0.0,3.125,2.7777777777777777
joint20_A,606,adaptive_pricing,17.708333333333336,0.0,4.513888888888888,2.7777777777777777
joint20_A,606,baseline,19.791666666666664,0.0,4.513888888888888,4.513888888888888
joint20_A,707,heatwave,9.722222222222223,0.0,4.861111111111112,4.166666666666666
joint20_A,707,overproduction,15.972222222222221,0.0,3.8194444444444446,1.7361111111111112
joint20_A,707,cyber_outage,12.5,0.0,5.902777777777778,4.166666666666666
joint20_A,707,adaptive_pricing,15.972222222222221,0.0,4.861111111111112,5.555555555555555
joint20_A,707,baseline,14.930555555555555,0.0,2.083333333333333,3.8194444444444446
joint20_A,808,heatwave,12.847222222222221,0.0,2.7777777777777777,4.861111111111112
joint20_A,808,overproduction,8.333333333333332,0.0,3.4722222222222223,3.125
joint20_A,808,cyber_outage,8.680555555555555,0.0,3.125,3.8194444444444446
joint20_A,808,adaptive_pricing,12.5,0.0,3.4722222222222223,3.4722222222222223
joint20_A,808,baseline,14.583333333333334,0.0,4.513888888888888,2.083333333333333
joint20_A,909,heatwave,12.5,0.0,5.555555555555555,4.861111111111112
joint20_A,909,overproduction,4.861111111111112,0.0,2.430555555555556,2.083333333333333
joint20_A,909,cyber_outage,8.680555555555555,0.0,4.861111111111112,3.4722222222222223
joint20_A,909,adaptive_pricing,12.5,0.0,3.4722222222222223,3.125
joint20_A,909,baseline,9.027777777777777,0.0,3.125,1.3888888888888888
joint20_A,1010,heatwave,11.805555555555555,0.0,1.3888888888888888,1.7361111111111112
joint20_A,1010,overproduction,9.375,0.0,5.902777777777778,2.7777777777777777
joint20_A,1010,cyber_outage,9.375,0.0,7.291666666666667,3.125
joint20_A,1010,adaptive_pricing,15.972222222222221,0.0,4.166666666666666,3.4722222222222223
joint20_A,1010,baseline,12.847222222222221,0.0,4.513888888888888,5.902777777777778
joint20_A,1111,heatwave,12.152777777777777,0.0,4.166666666666666,4.513888888888888
joint20_A,1111,overproduction,13.541666666666666,0.0,5.902777777777778,2.7777777777777777
joint20_A,1111,cyber_outage,11.11111111111111,0.0,3.4722222222222223,4.166666666666666
joint20_A,1111,adaptive_pricing,13.88888888888889,0.0,4.513888888888888,3.4722222222222223
joint20_A,1111,baseline,15.625,0.0,3.4722222222222223,1.7361111111111112
joint20_A,1212,heatwave,10.069444444444445,0.0,3.125,2.430555555555556
joint20_A,1212,overproduction,9.375,0.0,3.8194444444444446,2.7777777777777777
joint20_A,1212,cyber_outage,7.638888888888889,0.0,3.4722222222222223,3.4722222222222223
joint20_A,1212,adaptive_pricing,14.583333333333334,0.0,1.7361111111111112,3.125
joint20_A,1212,baseline,15.625,0.0,5.208333333333334,2.7777777777777777
joint20_A,1313,heatwave,15.625,0.0,5.902777777777778,6.597222222222222
joint20_A,1313,overproduction,13.541666666666666,0.0,6.597222222222222,3.8194444444444446
joint20_A,1313,cyber_outage,12.152777777777777,0.0,4.513888888888888,7.291666666666667
joint20_A,1313,adaptive_pricing,10.76388888888889,0.0,5.555555555555555,3.125
joint20_A,1313,baseline,18.75,0.0,5.208333333333334,4.861111111111112
joint20_A,1414,heatwave,10.416666666666668,0.0,2.083333333333333,3.8194444444444446
joint20_A,1414,overproduction,7.291666666666667,0.0,3.4722222222222223,1.3888888888888888
joint20_A,1414,cyber_outage,10.416666666666668,0.0,3.125,3.8194444444444446
joint20_A,1414,adaptive_pricing,12.5,0.0,3.4722222222222223,4.513888888888888
joint20_A,1414,baseline,15.277777777777779,0.0,3.4722222222222223,3.125
joint20_A,1515,heatwave,12.152777777777777,0.0,4.861111111111112,3.8194444444444446
joint20_A,1515,overproduction,12.5,0.0,4.166666666666666,4.166666666666666
joint20_A,1515,cyber_outage,12.152777777777777,0.0,3.4722222222222223,3.125
joint20_A,1515,adaptive_pricing,12.5,0.0,3.4722222222222223,2.430555555555556
joint20_A,1515,baseline,15.625,0.0,5.555555555555555,4.166666666666666
joint20_B,42,heatwave,14.583333333333334,0.0,6.597222222222222,4.166666666666666
joint20_B,42,overproduction,11.458333333333332,0.0,4.861111111111112,3.4722222222222223
joint20_B,42,cyber_outage,11.458333333333332,0.0,4.513888888888888,5.208333333333334
joint20_B,42,adaptive_pricing,14.930555555555555,0.0,4.513888888888888,4.166666666666666
joint20_B,42,baseline,14.23611111111111,0.0,5.555555555555555,2.7777777777777777
joint20_B,1337,heatwave,11.805555555555555,0.0,8.680555555555555,5.902777777777778
joint20_B,1337,overproduction,12.847222222222221,0.0,5.902777777777778,2.7777777777777777
joint20_B,1337,cyber_outage,8.680555555555555,0.0,5.902777777777778,5.555555555555555
joint20_B,1337,adaptive_pricing,11.458333333333332,0.0,6.944444444444445,3.4722222222222223
joint20_B,1337,baseline,13.541666666666666,0.0,4.861111111111112,5.208333333333334
joint20_B,2024,heatwave,17.36111111111111,0.0,6.597222222222222,4.861111111111112
joint20_B,2024,overproduction,14.930555555555555,0.0,4.166666666666666,4.166666666666666
joint20_B,2024,cyber_outage,9.722222222222223,0.0,6.25,4.513888888888888
joint20_B,2024,adaptive_pricing,12.5,0.0,5.555555555555555,3.8194444444444446
joint20_B,2024,baseline,13.541666666666666,0.0,6.25,3.4722222222222223
joint20_B,7,heatwave,11.805555555555555,0.0,6.25,4.166666666666666
joint20_B,7,overproduction,12.847222222222221,0.0,6.944444444444445,4.166666666666666
joint20_B,7,cyber_outage,10.069444444444445,0.0,5.208333333333334,2.7777777777777777
joint20_B,7,adaptive_pricing,9.027777777777777,0.0,3.8194444444444446,4.166666666666666
joint20_B,7,baseline,12.847222222222221,0.0,2.430555555555556,3.8194444444444446
joint20_B,99,heatwave,16.666666666666664,0.0,9.027777777777777,2.7777777777777777
joint20_B,99,overproduction,12.152777777777777,0.0,4.861111111111112,5.208333333333334
joint20_B,99,cyber_outage,10.416666666666668,0.0,4.513888888888888,4.513888888888888
joint20_B,99,adaptive_pricing,16.666666666666664,0.0,5.902777777777778,7.638888888888889
joint20_B,99,baseline,14.583333333333334,0.0,6.944444444444445,5.555555555555555
joint20_B,101,heatwave,11.805555555555555,0.0,5.208333333333334,3.125
joint20_B,101,overproduction,10.416666666666668,0.0,6.25,2.7777777777777777
joint20_B,101,cyber_outage,7.986111111111111,0.0,4.166666666666666,4.513888888888888
joint20_B,101,adaptive_pricing,10.76388888888889,0.0,2.7777777777777777,3.4722222222222223
joint20_B,101,baseline,17.01388888888889,0.0,4.513888888888888,3.4722222222222223
joint20_B,202,heatwave,14.583333333333334,0.0,5.555555555555555,6.25
joint20_B,202,overproduction,13.194444444444445,0.0,5.555555555555555,4.513888888888888
joint20_B,202,cyber_outage,11.805555555555555,0.0,6.25,5.902777777777778
joint20_B,202,adaptive_pricing,14.23611111111111,0.0,4.166666666666666,2.430555555555556
joint20_B,202,baseline,15.625,0.0,4.513888888888888,5.555555555555555
joint20_B,303,heatwave,15.972222222222221,0.0,7.291666666666667,3.4722222222222223
joint20_B,303,overproduction,14.23611111111111,0.0,5.902777777777778,3.8194444444444446
joint20_B,303,cyber_outage,13.541666666666666,0.0,7.291666666666667,5.208333333333334
joint20_B,303,adaptive_pricing,15.972222222222221,0.0,6.597222222222222,4.166666666666666
joint20_B,303,baseline,13.88888888888889,0.0,3.4722222222222223,4.861111111111112
joint20_B,404,heatwave,12.5,0.0,6.597222222222222,4.166666666666666
joint20_B,404,overproduction,14.583333333333334,0.0,4.166666666666666,4.513888888888888
joint20_B,404,cyber_outage,11.805555555555555,0.0,6.944444444444445,5.902777777777778
joint20_B,404,adaptive_pricing,15.625,0.0,5.555555555555555,4.166666666666666
joint20_B,404,baseline,15.972222222222221,0.0,3.8194444444444446,4.513888888888888
joint20_B,505,heatwave,15.277777777777779,0.0,7.638888888888889,5.555555555555555
joint20_B,505,overproduction,15.625,0.0,5.555555555555555,2.7777777777777777
joint20_B,505,cyber_outage,10.069444444444445,0.0,5.555555555555555,3.8194444444444446
joint20_B,505,adaptive_pricing,13.194444444444445,0.0,5.208333333333334,5.208333333333334
joint20_B,505,baseline,14.583333333333334,0.0,4.513888888888888,5.208333333333334
joint20_B,606,heatwave,11.458333333333332,0.0,4.513888888888888,2.083333333333333
joint20_B,606,overproduction,13.88888888888889,0.0,4.861111111111112,4.166666666666666
joint20_B,606,cyber_outage,10.416666666666668,0.0,4.166666666666666,1.7361111111111112
joint20_B,606,adaptive_pricing,16.666666666666664,0.0,6.944444444444445,2.7777777777777777
joint20_B,606,baseline,15.972222222222221,0.0,4.513888888888888,4.166666666666666
joint20_B,707,heatwave,12.5,0.0,5.555555555555555,3.4722222222222223
joint20_B,707,overproduction,19.791666666666664,0.0,5.555555555555555,3.8194444444444446
joint20_B,707,cyber_outage,11.11111111111111,0.0,6.25,6.597222222222222
joint20_B,707,adaptive_pricing,17.36111111111111,0.0,4.513888888888888,5.902777777777778
joint20_B,707,baseline,14.23611111111111,0.0,6.25,3.125
joint20_B,808,heatwave,13.541666666666666,0.0,9.722222222222223,3.4722222222222223
joint20_B,808,overproduction,10.069444444444445,0.0,3.8194444444444446,1.7361111111111112
joint20_B,808,cyber_outage,9.375,0.0,4.166666666666666,2.083333333333333
joint20_B,808,adaptive_pricing,12.5,0.0,3.8194444444444446,3.125
joint20_B,808,baseline,13.194444444444445,0.0,3.8194444444444446,4.861111111111112
joint20_B,909,heatwave,14.23611111111111,0.0,6.944444444444445,5.902777777777778
joint20_B,909,overproduction,7.291666666666667,0.0,3.125,1.7361111111111112
joint20_B,909,cyber_outage,11.11111111111111,0.0,4.166666666666666,4.513888888888888
joint20_B,909,adaptive_pricing,12.5,0.0,3.125,4.861111111111112
joint20_B,909,baseline,7.986111111111111,0.0,3.125,1.7361111111111112
joint20_B,1010,heatwave,13.541666666666666,0.0,6.25,3.4722222222222223
joint20_B,1010,overproduction,13.194444444444445,0.0,5.208333333333334,4.513888888888888
joint20_B,1010,cyber_outage,9.722222222222223,0.0,5.208333333333334,4.861111111111112
joint20_B,1010,adaptive_pricing,14.583333333333334,0.0,4.861111111111112,4.861111111111112
joint20_B,1010,baseline,12.152777777777777,0.0,5.555555555555555,2.7777777777777777
joint20_B,1111,heatwave,10.76388888888889,0.0,6.597222222222222,6.25
joint20_B,1111,overproduction,16.666666666666664,0.0,6.597222222222222,5.208333333333334
joint20_B,1111,cyber_outage,9.375,0.0,5.208333333333334,4.861111111111112
joint20_B,1111,adaptive_pricing,13.88888888888889,0.0,4.861111111111112,4.513888888888888
joint20_B,1111,baseline,15.277777777777779,0.0,7.986111111111111,6.597222222222222
joint20_B,1212,heatwave,10.76388888888889,0.0,5.555555555555555,3.4722222222222223
joint20_B,1212,overproduction,15.277777777777779,0.0,7.291666666666667,1.7361111111111112
joint20_B,1212,cyber_outage,7.638888888888889,0.0,1.7361111111111112,3.125
joint20_B,1212,adaptive_pricing,12.5,0.0,4.861111111111112,3.4722222222222223
joint20_B,1212,baseline,18.055555555555554,0.0,3.125,5.902777777777778
joint20_B,1313,heatwave,16.666666666666664,0.0,8.680555555555555,6.944444444444445
joint20_B,1313,overproduction,15.625,0.0,8.333333333333332,6.944444444444445
joint20_B,1313,cyber_outage,10.76388888888889,0.0,4.166666666666666,6.25
joint20_B,1313,adaptive_pricing,10.416666666666668,0.0,7.291666666666667,3.8194444444444446
joint20_B,1313,baseline,20.833333333333336,0.0,5.902777777777778,4.861111111111112
joint20_B,1414,heatwave,12.152777777777777,0.0,8.680555555555555,3.8194444444444446
joint20_B,1414,overproduction,11.11111111111111,0.0,4.166666666666666,2.430555555555556
joint20_B,1414,cyber_outage,11.805555555555555,0.0,6.25,2.083333333333333
joint20_B,1414,adaptive_pricing,12.152777777777777,0.0,6.597222222222222,1.7361111111111112
joint20_B,1414,baseline,13.194444444444445,0.0,4.861111111111112,3.8194444444444446
joint20_B,1515,heatwave,14.583333333333334,0.0,4.513888888888888,3.8194444444444446
joint20_B,1515,overproduction,15.972222222222221,0.0,5.208333333333334,3.125
joint20_B,1515,cyber_outage,9.722222222222223,0.0,3.125,3.8194444444444446
joint20_B,1515,adaptive_pricing,13.541666666666666,0.0,4.166666666666666,4.166666666666666
joint20_B,1515,baseline,15.972222222222221,0.0,3.125,4.166666666666666
